id,name,plant_name,plant_id
8318,BLK02,JHANSI,13186
8352,BLK03,JHANSI,13186
8368,BLK07,JHANSI,13186
13186,JHANSI,JHANSI,13186
1847608,N3URON_DATALOGGER,JHANSI,13186
6917,SWYRD,JHANSI,13186
7147,SWGR,JHANSI,13186
8113,OG01,JHANSI,13186
8211,INC01,JHANSI,13186
8213,INC02,JHANSI,13186
8216,INC03,JHANSI,13186
8218,INC04,JHANSI,13186
8315,BLK01,JHANSI,13186
8335,BLK05,JHANSI,13186
8355,BLK04,JHANSI,13186
8365,BLK06,JHANSI,13186
8384,BLK08,JHANSI,13186
8385,BLK09,JHANSI,13186
8388,BLK10,JHANSI,13186
8760,DT01,JHANSI,13186
8762,DT02,JHANSI,13186
8764,DT03,JHANSI,13186
8767,DT04,JHANSI,13186
8770,DT05,JHANSI,13186
8771,DT06,JHANSI,13186
8774,DT07,JHANSI,13186
8776,DT08,JHANSI,13186
8778,DT09,JHANSI,13186
8780,DT10,JHANSI,13186
9027,INV04,JHANSI,13186
9025,INV03,JHANSI,13186
9030,INV01,JHANSI,13186
9038,INV01,JHANSI,13186
9041,INV02,JHANSI,13186
9045,INV04,JHANSI,13186
9034,INV03,JHANSI,13186
9020,INV01,JHANSI,13186
9047,INV01,JHANSI,13186
9050,INV02,JHANSI,13186
9055,INV04,JHANSI,13186
9057,INV01,JHANSI,13186
9059,INV02,JHANSI,13186
9063,INV04,JHANSI,13186
9066,INV01,JHANSI,13186
9068,INV02,JHANSI,13186
9072,INV04,JHANSI,13186
9075,INV01,JHANSI,13186
9036,INV04,JHANSI,13186
9077,INV02,JHANSI,13186
9084,INV01,JHANSI,13186
9087,INV02,JHANSI,13186
9093,INV01,JHANSI,13186
9070,INV03,JHANSI,13186
9061,INV03,JHANSI,13186
9079,INV03,JHANSI,13186
9089,INV03,JHANSI,13186
9096,INV02,JHANSI,13186
9102,INV01,JHANSI,13186
9105,INV02,JHANSI,13186
9097,INV03,JHANSI,13186
9109,INV04,JHANSI,13186
9799,SCB12,JHANSI,13186
9802,SCB30,JHANSI,13186
9804,SCB34,JHANSI,13186
9806,SCB35,JHANSI,13186
9808,SCB29,JHANSI,13186
9810,SCB31,JHANSI,13186
9812,SCB27,JHANSI,13186
9813,SCB25,JHANSI,13186
9816,SCB20,JHANSI,13186
9818,SCB23,JHANSI,13186
9821,SCB0,JHANSI,13186
9823,SCB15,JHANSI,13186
9825,SCB17,JHANSI,13186
9827,SCB11,JHANSI,13186
9829,SCB16,JHANSI,13186
9830,SCB10,JHANSI,13186
9833,SCB18,JHANSI,13186
9835,SCB08,JHANSI,13186
9838,SCB40,JHANSI,13186
9840,SCB38,JHANSI,13186
9842,SCB39,JHANSI,13186
9844,SCB01,JHANSI,13186
9850,SCB02,JHANSI,13186
9852,SCB03,JHANSI,13186
9854,SCB04,JHANSI,13186
9857,SCB05,JHANSI,13186
9858,SCB06,JHANSI,13186
9860,SCB07,JHANSI,13186
9861,SCB09,JHANSI,13186
9865,SCB13,JHANSI,13186
9868,SCB14,JHANSI,13186
9870,SCB28,JHANSI,13186
9872,SCB37,JHANSI,13186
9875,SCB26,JHANSI,13186
9877,SCB24,JHANSI,13186
9878,SCB33,JHANSI,13186
9881,SCB21,JHANSI,13186
9884,SCB36,JHANSI,13186
9886,SCB22,JHANSI,13186
9888,SCB32,JHANSI,13186
9890,SCB19,JHANSI,13186
9932,SCB09,JHANSI,13186
9934,SCB10,JHANSI,13186
9937,SCB11,JHANSI,13186
9939,SCB01,JHANSI,13186
9941,SCB02,JHANSI,13186
9943,SCB19,JHANSI,13186
9945,SCB03,JHANSI,13186
9948,SCB05,JHANSI,13186
9950,SCB04,JHANSI,13186
9952,SCB06,JHANSI,13186
9954,SCB0,JHANSI,13186
9956,SCB23,JHANSI,13186
9958,SCB40,JHANSI,13186
9960,SCB35,JHANSI,13186
9962,SCB34,JHANSI,13186
9964,SCB36,JHANSI,13186
9967,SCB32,JHANSI,13186
9969,SCB38,JHANSI,13186
9971,SCB39,JHANSI,13186
9973,SCB37,JHANSI,13186
9974,SCB33,JHANSI,13186
9976,SCB22,JHANSI,13186
9978,SCB25,JHANSI,13186
9981,SCB24,JHANSI,13186
9982,SCB26,JHANSI,13186
9985,SCB28,JHANSI,13186
9987,SCB27,JHANSI,13186
9990,SCB30,JHANSI,13186
9992,SCB31,JHANSI,13186
9994,SCB29,JHANSI,13186
9996,SCB21,JHANSI,13186
9998,SCB12,JHANSI,13186
10001,SCB13,JHANSI,13186
10003,SCB20,JHANSI,13186
10004,SCB07,JHANSI,13186
10007,SCB08,JHANSI,13186
10009,SCB17,JHANSI,13186
10011,SCB16,JHANSI,13186
10013,SCB18,JHANSI,13186
10015,SCB15,JHANSI,13186
10017,SCB14,JHANSI,13186
10119,SCB09,JHANSI,13186
10120,SCB41,JHANSI,13186
10123,SCB38,JHANSI,13186
10125,SCB39,JHANSI,13186
10127,SCB40,JHANSI,13186
10129,SCB02,JHANSI,13186
10131,SCB06,JHANSI,13186
10134,SCB01,JHANSI,13186
10136,SCB03,JHANSI,13186
10137,SCB04,JHANSI,13186
10140,SCB05,JHANSI,13186
10142,SCB0,JHANSI,13186
10145,SCB22,JHANSI,13186
10147,SCB07,JHANSI,13186
10149,SCB14,JHANSI,13186
10151,SCB12,JHANSI,13186
10153,SCB17,JHANSI,13186
10154,SCB20,JHANSI,13186
10157,SCB08,JHANSI,13186
10160,SCB18,JHANSI,13186
10162,SCB24,JHANSI,13186
10164,SCB16,JHANSI,13186
10166,SCB21,JHANSI,13186
10168,SCB28,JHANSI,13186
10171,SCB29,JHANSI,13186
10172,SCB19,JHANSI,13186
10175,SCB13,JHANSI,13186
10177,SCB26,JHANSI,13186
10179,SCB25,JHANSI,13186
10181,SCB15,JHANSI,13186
10183,SCB23,JHANSI,13186
10185,SCB27,JHANSI,13186
10187,SCB30,JHANSI,13186
10189,SCB32,JHANSI,13186
10192,SCB10,JHANSI,13186
10194,SCB37,JHANSI,13186
10196,SCB36,JHANSI,13186
10198,SCB33,JHANSI,13186
10200,SCB35,JHANSI,13186
10202,SCB34,JHANSI,13186
10204,SCB11,JHANSI,13186
10206,SCB31,JHANSI,13186
10244,SCB13,JHANSI,13186
10247,SCB08,JHANSI,13186
10249,SCB03,JHANSI,13186
10251,SCB02,JHANSI,13186
10253,SCB05,JHANSI,13186
10255,SCB04,JHANSI,13186
10257,SCB12,JHANSI,13186
10259,SCB06,JHANSI,13186
10261,SCB11,JHANSI,13186
10262,SCB07,JHANSI,13186
10266,SCB0,JHANSI,13186
10268,SCB09,JHANSI,13186
10270,SCB01,JHANSI,13186
10272,SCB15,JHANSI,13186
10274,SCB17,JHANSI,13186
10276,SCB16,JHANSI,13186
10278,SCB20,JHANSI,13186
10280,SCB18,JHANSI,13186
10282,SCB19,JHANSI,13186
10284,SCB10,JHANSI,13186
10287,SCB14,JHANSI,13186
10289,SCB32,JHANSI,13186
10291,SCB34,JHANSI,13186
10293,SCB23,JHANSI,13186
10295,SCB29,JHANSI,13186
10297,SCB28,JHANSI,13186
10502,SCB22,JHANSI,13186
10503,SCB20,JHANSI,13186
10505,SCB25,JHANSI,13186
10508,SCB14,JHANSI,13186
10510,SCB03,JHANSI,13186
10512,SCB08,JHANSI,13186
10514,SCB12,JHANSI,13186
10517,SCB13,JHANSI,13186
10519,SCB09,JHANSI,13186
10521,SCB0,JHANSI,13186
10522,SCB07,JHANSI,13186
10525,SCB05,JHANSI,13186
10527,SCB11,JHANSI,13186
10529,SCB06,JHANSI,13186
10531,SCB01,JHANSI,13186
10534,SCB02,JHANSI,13186
10536,SCB23,JHANSI,13186
10538,SCB24,JHANSI,13186
10539,SCB26,JHANSI,13186
10542,SCB21,JHANSI,13186
10544,SCB04,JHANSI,13186
10546,SCB12,JHANSI,13186
10547,SCB10,JHANSI,13186
10549,SCB28,JHANSI,13186
10551,SCB10,JHANSI,13186
10552,SCB32,JHANSI,13186
10554,SCB14,JHANSI,13186
10555,SCB18,JHANSI,13186
10557,SCB33,JHANSI,13186
10559,SCB13,JHANSI,13186
10560,SCB27,JHANSI,13186
10563,SCB29,JHANSI,13186
10564,SCB09,JHANSI,13186
10566,SCB35,JHANSI,13186
10567,SCB15,JHANSI,13186
10569,SCB30,JHANSI,13186
10571,SCB31,JHANSI,13186
10572,SCB11,JHANSI,13186
10574,SCB37,JHANSI,13186
10575,SCB26,JHANSI,13186
10577,SCB39,JHANSI,13186
10579,SCB27,JHANSI,13186
10580,SCB38,JHANSI,13186
10582,SCB40,JHANSI,13186
10583,SCB25,JHANSI,13186
10584,SCB36,JHANSI,13186
10588,SCB34,JHANSI,13186
10591,SCB17,JHANSI,13186
10592,SCB03,JHANSI,13186
10594,SCB15,JHANSI,13186
10596,SCB16,JHANSI,13186
10597,SCB02,JHANSI,13186
10599,SCB01,JHANSI,13186
10602,SCB17,JHANSI,13186
10604,SCB16,JHANSI,13186
10608,SCB24,JHANSI,13186
10611,SCB32,JHANSI,13186
10614,SCB22,JHANSI,13186
10617,SCB31,JHANSI,13186
10620,SCB23,JHANSI,13186
10623,SCB21,JHANSI,13186
10626,SCB38,JHANSI,13186
10629,SCB37,JHANSI,13186
10631,SCB29,JHANSI,13186
10635,SCB30,JHANSI,13186
10638,SCB36,JHANSI,13186
10641,SCB06,JHANSI,13186
10643,SCB18,JHANSI,13186
10645,SCB04,JHANSI,13186
10649,SCB05,JHANSI,13186
10653,SCB19,JHANSI,13186
10656,SCB08,JHANSI,13186
10659,SCB07,JHANSI,13186
10660,SCB35,JHANSI,13186
10663,SCB28,JHANSI,13186
10666,SCB33,JHANSI,13186
10667,SCB39,JHANSI,13186
10670,SCB40,JHANSI,13186
10672,SCB34,JHANSI,13186
10675,SCB41,JHANSI,13186
10678,SCB20,JHANSI,13186
10858,SCB5,JHANSI,13186
10862,SCB6,JHANSI,13186
10864,SCB11,JHANSI,13186
10865,SCB7,JHANSI,13186
10866,SCB10,JHANSI,13186
10868,SCB4,JHANSI,13186
10870,SCB04,JHANSI,13186
10872,SCB2,JHANSI,13186
10873,SCB02,JHANSI,13186
10875,SCB01,JHANSI,13186
10877,SCB05,JHANSI,13186
10879,SCB3,JHANSI,13186
10880,SCB03,JHANSI,13186
10883,SCB26,JHANSI,13186
10884,SCB1,JHANSI,13186
10886,SCB25,JHANSI,13186
10887,SCB24,JHANSI,13186
10890,SCB13,JHANSI,13186
10891,SCB0,JHANSI,13186
10893,SCB27,JHANSI,13186
10894,SCB14,JHANSI,13186
10896,SCB28,JHANSI,13186
10898,SCB09,JHANSI,13186
10899,SCB12,JHANSI,13186
10901,SCB08,JHANSI,13186
10903,SCB0,JHANSI,13186
10904,SCB9,JHANSI,13186
10906,SCB10,JHANSI,13186
10907,SCB06,JHANSI,13186
10909,SCB07,JHANSI,13186
10910,SCB11,JHANSI,13186
10911,SCB12,JHANSI,13186
10912,SCB23,JHANSI,13186
10913,SCB21,JHANSI,13186
10915,SCB13,JHANSI,13186
10918,SCB14,JHANSI,13186
10919,SCB17,JHANSI,13186
10922,SCB18,JHANSI,13186
10923,SCB16,JHANSI,13186
10925,SCB29,JHANSI,13186
10927,SCB8,JHANSI,13186
10928,SCB30,JHANSI,13186
10930,SCB21,JHANSI,13186
10931,SCB22,JHANSI,13186
10934,SCB15,JHANSI,13186
10935,SCB22,JHANSI,13186
10936,SCB23,JHANSI,13186
10938,SCB36,JHANSI,13186
10940,SCB20,JHANSI,13186
10942,SCB15,JHANSI,13186
10944,SCB34,JHANSI,13186
10945,SCB19,JHANSI,13186
10947,SCB17,JHANSI,13186
10949,SCB32,JHANSI,13186
10950,SCB16,JHANSI,13186
10952,SCB39,JHANSI,13186
10953,SCB34,JHANSI,13186
10956,SCB35,JHANSI,13186
10957,SCB31,JHANSI,13186
10958,SCB40,JHANSI,13186
10961,SCB39,JHANSI,13186
10962,SCB38,JHANSI,13186
10964,SCB38,JHANSI,13186
10966,SCB33,JHANSI,13186
10967,SCB40,JHANSI,13186
10969,SCB37,JHANSI,13186
10971,SCB37,JHANSI,13186
10972,SCB32,JHANSI,13186
10974,SCB41,JHANSI,13186
10975,SCB31,JHANSI,13186
10977,SCB41,JHANSI,13186
10979,SCB35,JHANSI,13186
10982,SCB33,JHANSI,13186
10984,SCB30,JHANSI,13186
10988,SCB18,JHANSI,13186
10989,SCB26,JHANSI,13186
10992,SCB28,JHANSI,13186
10994,SCB24,JHANSI,13186
10998,SCB25,JHANSI,13186
11000,SCB29,JHANSI,13186
11002,SCB27,JHANSI,13186
11005,SCB20,JHANSI,13186
11007,SCB19,JHANSI,13186
11395,SCB15,JHANSI,13186
11398,SCB14,JHANSI,13186
11400,SCB35,JHANSI,13186
11404,SCB19,JHANSI,13186
11406,SCB2,JHANSI,13186
11409,SCB16,JHANSI,13186
11410,SCB17,JHANSI,13186
11412,SCB13,JHANSI,13186
11415,SCB3,JHANSI,13186
11416,SCB10,JHANSI,13186
11420,SCB0,JHANSI,13186
11423,SCB4,JHANSI,13186
11426,SCB6,JHANSI,13186
11429,SCB11,JHANSI,13186
11431,SCB5,JHANSI,13186
11434,SCB7,JHANSI,13186
11437,SCB8,JHANSI,13186
11439,SCB9,JHANSI,13186
11442,SCB12,JHANSI,13186
11445,SCB38,JHANSI,13186
11448,SCB1,JHANSI,13186
11451,SCB39,JHANSI,13186
11453,SCB18,JHANSI,13186
11456,SCB23,JHANSI,13186
11459,SCB20,JHANSI,13186
11462,SCB41,JHANSI,13186
11464,SCB24,JHANSI,13186
11467,SCB36,JHANSI,13186
11470,SCB25,JHANSI,13186
11472,SCB37,JHANSI,13186
11474,SCB26,JHANSI,13186
11478,SCB40,JHANSI,13186
11481,SCB27,JHANSI,13186
11483,SCB21,JHANSI,13186
11484,SCB31,JHANSI,13186
11487,SCB28,JHANSI,13186
11489,SCB22,JHANSI,13186
11491,SCB29,JHANSI,13186
11492,SCB33,JHANSI,13186
11493,SCB32,JHANSI,13186
11496,SCB30,JHANSI,13186
11498,SCB34,JHANSI,13186
11762,SCB37,JHANSI,13186
11765,SCB13,JHANSI,13186
11768,SCB12,JHANSI,13186
11771,SCB2,JHANSI,13186
11773,SCB3,JHANSI,13186
11777,SCB4,JHANSI,13186
11779,SCB1,JHANSI,13186
11783,SCB5,JHANSI,13186
11785,SCB7,JHANSI,13186
11786,SCB6,JHANSI,13186
11789,SCB0,JHANSI,13186
11792,SCB15,JHANSI,13186
11794,SCB28,JHANSI,13186
11799,SCB17,JHANSI,13186
11801,SCB8,JHANSI,13186
11804,SCB16,JHANSI,13186
11807,SCB39,JHANSI,13186
11809,SCB40,JHANSI,13186
11813,SCB41,JHANSI,13186
11816,SCB14,JHANSI,13186
11818,SCB36,JHANSI,13186
11821,SCB38,JHANSI,13186
11823,SCB33,JHANSI,13186
11827,SCB29,JHANSI,13186
11830,SCB32,JHANSI,13186
11832,SCB30,JHANSI,13186
11836,SCB35,JHANSI,13186
11840,SCB31,JHANSI,13186
11842,SCB25,JHANSI,13186
11844,SCB27,JHANSI,13186
11848,SCB34,JHANSI,13186
11850,SCB26,JHANSI,13186
11852,SCB24,JHANSI,13186
11855,SCB22,JHANSI,13186
64233,POWER_TRAFO,JHANSI,13186
64267,ACTIVE_POWER_CONTROL,JHANSI,13186
64325,AVAILABILITY,JHANSI,13186
70459,HT2,JHANSI,13186
70460,HT3,JHANSI,13186
70461,HT4,JHANSI,13186
70462,HT5,JHANSI,13186
70463,HT6,JHANSI,13186
70464,HT7,JHANSI,13186
70465,HT8,JHANSI,13186
70466,HT9,JHANSI,13186
70467,HT10,JHANSI,13186
70732,WMS1,JHANSI,13186
70733,WMS2,JHANSI,13186
84577,INC05,JHANSI,13186
10589,SCB0,JHANSI,13186
4393870,WMS3,JHANSI,13186
9100,INV04,JHANSI,13186
9080,INV04,JHANSI,13186
70458,HT1,JHANSI,13186
9052,INV03,JHANSI,13186
9043,INV03,JHANSI,13186
9107,INV03,JHANSI,13186
9091,INV04,JHANSI,13186
9031,INV02,JHANSI,13186
64246,TVM_METER,JHANSI,13186
9023,INV02,JHANSI,13186
1559978,N3URON_DATALOGGER,HAPASAR,1559894
1559894,HAPASAR,HAPASAR,1559894
1559906,SWYD,HAPASAR,1559894
1559907,LINE,HAPASAR,1559894
1559908,BC,HAPASAR,1559894
1559911,TRF01,HAPASAR,1559894
1559912,TRF02,HAPASAR,1559894
1559913,TRF03,HAPASAR,1559894
1559914,SWTGR01,HAPASAR,1559894
1559915,SWTGR02,HAPASAR,1559894
1559916,SWTGR03,HAPASAR,1559894
1559917,SWTGR01_AUX,HAPASAR,1559894
1559918,SWTGR03_AUX,HAPASAR,1559894
1559919,OG1,HAPASAR,1559894
1559920,OG2,HAPASAR,1559894
1559921,OG3,HAPASAR,1559894
1559922,SWTGR02_INC01,HAPASAR,1559894
1559923,SWTGR02_INC02,HAPASAR,1559894
1559924,SWTGR02_INC03,HAPASAR,1559894
1559925,SWTGR02_INC04,HAPASAR,1559894
1559926,SWTGR01_INC01,HAPASAR,1559894
1559927,SWTGR01_INC02,HAPASAR,1559894
1559928,SWTGR01_INC03,HAPASAR,1559894
1559929,SWTGR01_INC04,HAPASAR,1559894
1559930,SWTGR03_INC01,HAPASAR,1559894
1559931,SWTGR03_INC02,HAPASAR,1559894
1559932,SWTGR03_INC03,HAPASAR,1559894
1559933,SWTGR03_INC04,HAPASAR,1559894
1559984,BK02_COMBINER_OG,HAPASAR,1559894
1559986,BK02_COMBINER_INC2,HAPASAR,1559894
1559990,BK05_COMBINER_OG,HAPASAR,1559894
1559992,BK05_COMBINER_INC2,HAPASAR,1559894
1559996,BK07_COMBINER_OG,HAPASAR,1559894
1559998,BK07_COMBINER_INC2,HAPASAR,1559894
1560002,BK09_COMBINER_OG,HAPASAR,1559894
1560004,BK09_COMBINER_INC2,HAPASAR,1559894
1560007,BK10_COMBINER_OG,HAPASAR,1559894
1560009,BK10_COMBINER_INC2,HAPASAR,1559894
1560013,BK13_COMBINER_OG,HAPASAR,1559894
1560015,BK13_COMBINER_INC2,HAPASAR,1559894
1560019,BK17_COMBINER_OG,HAPASAR,1559894
1560021,BK17_COMBINER_INC2,HAPASAR,1559894
1560025,BK18_COMBINER_OG,HAPASAR,1559894
1560027,BK18_COMBINER_INC2,HAPASAR,1559894
1560031,BK20_COMBINER_OG,HAPASAR,1559894
1560033,BK20_COMBINER_INC2,HAPASAR,1559894
1560036,BK22_COMBINER_OG,HAPASAR,1559894
1560038,BK22_COMBINER_INC2,HAPASAR,1559894
1560042,BK23_COMBINER_OG,HAPASAR,1559894
1560044,BK23_COMBINER_INC2,HAPASAR,1559894
1560048,BK24_COMBINER_OG,HAPASAR,1559894
1560050,BK24_COMBINER_INC2,HAPASAR,1559894
1560053,BLK01,HAPASAR,1559894
1560055,BLK02,HAPASAR,1559894
1560057,BLK03,HAPASAR,1559894
1560059,BLK04,HAPASAR,1559894
1560061,BLK05,HAPASAR,1559894
1560063,BLK06,HAPASAR,1559894
1560065,BLK07,HAPASAR,1559894
1560067,BLK08,HAPASAR,1559894
1560069,BLK09,HAPASAR,1559894
1560071,BLK10,HAPASAR,1559894
1560073,BLK14,HAPASAR,1559894
1560075,BLK13,HAPASAR,1559894
1560079,BLK17,HAPASAR,1559894
1560081,BLK16,HAPASAR,1559894
1560083,BLK18,HAPASAR,1559894
1560085,BLK20,HAPASAR,1559894
1560087,BLK21,HAPASAR,1559894
1560089,BLK11,HAPASAR,1559894
1560091,BLK22,HAPASAR,1559894
1560093,BLK12,HAPASAR,1559894
1560095,BLK23,HAPASAR,1559894
1560097,BLK19,HAPASAR,1559894
1560099,BLK24,HAPASAR,1559894
1560101,HT1,HAPASAR,1559894
1560103,HT_INC1,HAPASAR,1559894
1560105,HT3,HAPASAR,1559894
1560107,HT4,HAPASAR,1559894
1560109,HT_INC1,HAPASAR,1559894
1560111,HT6,HAPASAR,1559894
1560113,HT_INC1,HAPASAR,1559894
1560115,HT8,HAPASAR,1559894
1560117,HT_INC1,HAPASAR,1559894
1560119,HT_INC1,HAPASAR,1559894
1560121,HT11,HAPASAR,1559894
1560123,HT12,HAPASAR,1559894
1560125,HT_INC1,HAPASAR,1559894
1560127,HT14,HAPASAR,1559894
1560129,HT15,HAPASAR,1559894
1560131,HT16,HAPASAR,1559894
1560133,HT_INC1,HAPASAR,1559894
1560135,HT_INC1,HAPASAR,1559894
1560137,HT19,HAPASAR,1559894
1560139,HT_INC1,HAPASAR,1559894
1560141,HT21,HAPASAR,1559894
1560143,HT_INC1,HAPASAR,1559894
1560145,HT_INC1,HAPASAR,1559894
1560147,HT_INC1,HAPASAR,1559894
1560149,IDT1,HAPASAR,1559894
1560151,IDT2,HAPASAR,1559894
1560153,IDT3,HAPASAR,1559894
1560155,IDT4,HAPASAR,1559894
1560157,IDT5,HAPASAR,1559894
1560159,IDT6,HAPASAR,1559894
1560161,IDT7,HAPASAR,1559894
1560163,IDT8,HAPASAR,1559894
1560165,IDT9,HAPASAR,1559894
1560167,IDT10,HAPASAR,1559894
1560169,IDT11,HAPASAR,1559894
1560171,IDT12,HAPASAR,1559894
1560173,IDT13,HAPASAR,1559894
1560175,IDT14,HAPASAR,1559894
1560177,IDT15,HAPASAR,1559894
1560179,IDT16,HAPASAR,1559894
1560181,IDT17,HAPASAR,1559894
1560183,IDT18,HAPASAR,1559894
1560185,IDT19,HAPASAR,1559894
1560187,IDT20,HAPASAR,1559894
1560189,IDT21,HAPASAR,1559894
1560204,IDT22,HAPASAR,1559894
1560247,IDT23,HAPASAR,1559894
1560304,IDT24,HAPASAR,1559894
1560375,INV01,HAPASAR,1559894
1560418,INV02,HAPASAR,1559894
1560532,INV04,HAPASAR,1559894
1560575,INV01,HAPASAR,1559894
1560632,INV02,HAPASAR,1559894
1560633,INV03,HAPASAR,1559894
1560634,INV04,HAPASAR,1559894
1560635,INV01,HAPASAR,1559894
1560636,INV02,HAPASAR,1559894
1560755,INV03,HAPASAR,1559894
1561110,INV04,HAPASAR,1559894
1561347,INV01,HAPASAR,1559894
1561584,INV02,HAPASAR,1559894
1561831,INV03,HAPASAR,1559894
1562176,INV04,HAPASAR,1559894
1562413,INV01,HAPASAR,1559894
1562768,INV02,HAPASAR,1559894
1563005,INV03,HAPASAR,1559894
1563360,INV04,HAPASAR,1559894
1563597,INV01,HAPASAR,1559894
1563952,INV02,HAPASAR,1559894
1564189,INV03,HAPASAR,1559894
1564544,INV04,HAPASAR,1559894
1564781,INV01,HAPASAR,1559894
1565018,INV02,HAPASAR,1559894
1565373,INV03,HAPASAR,1559894
1565644,INV04,HAPASAR,1559894
1565965,INV01,HAPASAR,1559894
1566202,INV02,HAPASAR,1559894
1566439,INV03,HAPASAR,1559894
1566794,INV04,HAPASAR,1559894
1567149,INV01,HAPASAR,1559894
1567427,INV02,HAPASAR,1559894
1567756,INV03,HAPASAR,1559894
1568096,INV04,HAPASAR,1559894
1568451,INV01,HAPASAR,1559894
1568806,INV02,HAPASAR,1559894
1569279,INV03,HAPASAR,1559894
1569752,INV04,HAPASAR,1559894
1570107,INV01,HAPASAR,1559894
1570462,INV02,HAPASAR,1559894
1570699,INV03,HAPASAR,1559894
1571054,INV04,HAPASAR,1559894
1571291,INV01,HAPASAR,1559894
1571646,INV02,HAPASAR,1559894
1571883,INV03,HAPASAR,1559894
1572120,INV04,HAPASAR,1559894
1572475,INV01,HAPASAR,1559894
1572712,INV02,HAPASAR,1559894
1573067,INV03,HAPASAR,1559894
1573422,INV04,HAPASAR,1559894
1573659,INV01,HAPASAR,1559894
1574014,INV02,HAPASAR,1559894
1574251,INV03,HAPASAR,1559894
1574488,INV04,HAPASAR,1559894
1574725,INV01,HAPASAR,1559894
1575080,INV02,HAPASAR,1559894
1575435,INV03,HAPASAR,1559894
1575790,INV04,HAPASAR,1559894
1576027,INV01,HAPASAR,1559894
1576264,INV02,HAPASAR,1559894
1576501,INV03,HAPASAR,1559894
1576856,INV04,HAPASAR,1559894
1577093,INV01,HAPASAR,1559894
1577330,INV02,HAPASAR,1559894
1577685,INV03,HAPASAR,1559894
1578040,INV04,HAPASAR,1559894
1578277,INV01,HAPASAR,1559894
1578632,INV02,HAPASAR,1559894
1578987,INV03,HAPASAR,1559894
1579375,INV04,HAPASAR,1559894
1579579,INV01,HAPASAR,1559894
1579934,INV02,HAPASAR,1559894
1580289,INV03,HAPASAR,1559894
1580526,INV04,HAPASAR,1559894
1580881,INV01,HAPASAR,1559894
1581236,INV02,HAPASAR,1559894
1581473,INV03,HAPASAR,1559894
1581828,INV04,HAPASAR,1559894
1582065,INV01,HAPASAR,1559894
1582420,INV02,HAPASAR,1559894
1582775,INV03,HAPASAR,1559894
1583012,INV04,HAPASAR,1559894
1583367,INV01,HAPASAR,1559894
1583660,INV02,HAPASAR,1559894
1583959,INV03,HAPASAR,1559894
1584314,INV04,HAPASAR,1559894
1584669,INV01,HAPASAR,1559894
1584906,INV02,HAPASAR,1559894
1585143,INV03,HAPASAR,1559894
1585498,INV04,HAPASAR,1559894
1585735,INV01,HAPASAR,1559894
1585972,INV02,HAPASAR,1559894
1586327,INV03,HAPASAR,1559894
1586564,INV04,HAPASAR,1559894
1587037,INV01_INV_UNIT_1,HAPASAR,1559894
1587274,INV02_INV_UNIT_1,HAPASAR,1559894
1587511,INV03_INV_UNIT_1,HAPASAR,1559894
1587866,INV04_INV_UNIT_1,HAPASAR,1559894
1588103,INV01_INV_UNIT_1,HAPASAR,1559894
1588458,INV02_INV_UNIT_1,HAPASAR,1559894
1588695,INV03_INV_UNIT_1,HAPASAR,1559894
1588991,INV04_INV_UNIT_1,HAPASAR,1559894
1589287,INV01_INV_UNIT_1,HAPASAR,1559894
1589642,INV02_INV_UNIT_1,HAPASAR,1559894
1589997,INV03_INV_UNIT_1,HAPASAR,1559894
1590234,INV04_INV_UNIT_1,HAPASAR,1559894
1590707,INV01_INV_UNIT_1,HAPASAR,1559894
1591062,INV02_INV_UNIT_1,HAPASAR,1559894
1591417,INV03_INV_UNIT_1,HAPASAR,1559894
1591654,INV04_INV_UNIT_1,HAPASAR,1559894
1592127,INV01_INV_UNIT_1,HAPASAR,1559894
1592482,INV02_INV_UNIT_1,HAPASAR,1559894
1592601,INV03_INV_UNIT_1,HAPASAR,1559894
1592956,INV04_INV_UNIT_1,HAPASAR,1559894
1593193,INV01_INV_UNIT_1,HAPASAR,1559894
1593430,INV02_INV_UNIT_1,HAPASAR,1559894
1593903,INV03_INV_UNIT_1,HAPASAR,1559894
1594258,INV04_INV_UNIT_1,HAPASAR,1559894
1594613,INV01_INV_UNIT_1,HAPASAR,1559894
1594968,INV02_INV_UNIT_1,HAPASAR,1559894
1595323,INV03_INV_UNIT_1,HAPASAR,1559894
1595678,INV04_INV_UNIT_1,HAPASAR,1559894
1596033,INV01_INV_UNIT_1,HAPASAR,1559894
1596388,INV02_INV_UNIT_1,HAPASAR,1559894
1596625,INV03_INV_UNIT_1,HAPASAR,1559894
1596862,INV04_INV_UNIT_1,HAPASAR,1559894
1597217,INV01_INV_UNIT_1,HAPASAR,1559894
1712234,INV02_INV_UNIT_1,HAPASAR,1559894
1712574,INV03_INV_UNIT_1,HAPASAR,1559894
1712811,INV04_INV_UNIT_1,HAPASAR,1559894
1713048,INV01_INV_UNIT_1,HAPASAR,1559894
1713403,INV02_INV_UNIT_1,HAPASAR,1559894
1713640,INV03_INV_UNIT_1,HAPASAR,1559894
1713995,INV04_INV_UNIT_1,HAPASAR,1559894
1714468,INV01_INV_UNIT_1,HAPASAR,1559894
1714705,INV02_INV_UNIT_1,HAPASAR,1559894
1715060,INV03_INV_UNIT_1,HAPASAR,1559894
1715415,INV04_INV_UNIT_1,HAPASAR,1559894
1715652,INV01_INV_UNIT_1,HAPASAR,1559894
1716007,INV02_INV_UNIT_1,HAPASAR,1559894
1716244,INV03_INV_UNIT_1,HAPASAR,1559894
1716599,INV04_INV_UNIT_1,HAPASAR,1559894
1716836,INV01_INV_UNIT_1,HAPASAR,1559894
1717073,INV02_INV_UNIT_1,HAPASAR,1559894
1717428,INV03_INV_UNIT_1,HAPASAR,1559894
1717665,INV04_INV_UNIT_1,HAPASAR,1559894
1718020,INV01_INV_UNIT_1,HAPASAR,1559894
1718375,INV02_INV_UNIT_1,HAPASAR,1559894
1718612,INV03_INV_UNIT_1,HAPASAR,1559894
1718967,INV04_INV_UNIT_1,HAPASAR,1559894
1719322,INV01_INV_UNIT_1,HAPASAR,1559894
1719677,INV02_INV_UNIT_1,HAPASAR,1559894
1720032,INV03_INV_UNIT_1,HAPASAR,1559894
1720387,INV04_INV_UNIT_1,HAPASAR,1559894
1720624,INV01_INV_UNIT_1,HAPASAR,1559894
1720979,INV02_INV_UNIT_1,HAPASAR,1559894
1721216,INV03_INV_UNIT_1,HAPASAR,1559894
1721571,INV04_INV_UNIT_1,HAPASAR,1559894
1721926,INV01_INV_UNIT_1,HAPASAR,1559894
1722163,INV02_INV_UNIT_1,HAPASAR,1559894
1722400,INV03_INV_UNIT_1,HAPASAR,1559894
1722755,INV04_INV_UNIT_1,HAPASAR,1559894
1723110,INV01_INV_UNIT_1,HAPASAR,1559894
1723347,INV02_INV_UNIT_1,HAPASAR,1559894
1723702,INV03_INV_UNIT_1,HAPASAR,1559894
1724779,INV04_INV_UNIT_1,HAPASAR,1559894
1725252,INV01_INV_UNIT_1,HAPASAR,1559894
1725489,INV02_INV_UNIT_1,HAPASAR,1559894
1725844,INV03_INV_UNIT_1,HAPASAR,1559894
1726081,INV04_INV_UNIT_1,HAPASAR,1559894
1726436,INV01_INV_UNIT_1,HAPASAR,1559894
1726791,INV02_INV_UNIT_1,HAPASAR,1559894
1727146,INV03_INV_UNIT_1,HAPASAR,1559894
1727501,INV04_INV_UNIT_1,HAPASAR,1559894
1727856,INV01_INV_UNIT_1,HAPASAR,1559894
1728093,INV02_INV_UNIT_1,HAPASAR,1559894
1728448,INV03_INV_UNIT_1,HAPASAR,1559894
1728803,INV04_INV_UNIT_1,HAPASAR,1559894
1729158,INV01_INV_UNIT_1,HAPASAR,1559894
1729513,INV02_INV_UNIT_1,HAPASAR,1559894
1729868,INV03_INV_UNIT_1,HAPASAR,1559894
1730105,INV04_INV_UNIT_1,HAPASAR,1559894
1730342,INV01_INV_UNIT_1,HAPASAR,1559894
1730697,INV02_INV_UNIT_1,HAPASAR,1559894
1731052,INV03_INV_UNIT_1,HAPASAR,1559894
1731407,INV04_INV_UNIT_1,HAPASAR,1559894
1731644,INV01_INV_UNIT_1,HAPASAR,1559894
1731999,INV02_INV_UNIT_1,HAPASAR,1559894
1732236,INV03_INV_UNIT_1,HAPASAR,1559894
1732473,INV04_INV_UNIT_1,HAPASAR,1559894
1732828,INV01_INV_UNIT_2,HAPASAR,1559894
1733654,INV02_INV_UNIT_2,HAPASAR,1559894
1733979,INV03_INV_UNIT_2,HAPASAR,1559894
1734246,INV04_INV_UNIT_2,HAPASAR,1559894
1734483,INV01_INV_UNIT_2,HAPASAR,1559894
1734838,INV02_INV_UNIT_2,HAPASAR,1559894
1735193,INV03_INV_UNIT_2,HAPASAR,1559894
1735548,INV04_INV_UNIT_2,HAPASAR,1559894
1735903,INV01_INV_UNIT_2,HAPASAR,1559894
1736140,INV02_INV_UNIT_2,HAPASAR,1559894
1736377,INV03_INV_UNIT_2,HAPASAR,1559894
1736732,INV04_INV_UNIT_2,HAPASAR,1559894
1737087,INV01_INV_UNIT_2,HAPASAR,1559894
1737442,INV02_INV_UNIT_2,HAPASAR,1559894
1737797,INV03_INV_UNIT_2,HAPASAR,1559894
1738152,INV04_INV_UNIT_2,HAPASAR,1559894
1738625,INV01_INV_UNIT_2,HAPASAR,1559894
1738862,INV02_INV_UNIT_2,HAPASAR,1559894
1739217,INV03_INV_UNIT_2,HAPASAR,1559894
1739572,INV04_INV_UNIT_2,HAPASAR,1559894
1739927,INV01_INV_UNIT_2,HAPASAR,1559894
1740164,INV02_INV_UNIT_2,HAPASAR,1559894
1740519,INV03_INV_UNIT_2,HAPASAR,1559894
1740756,INV04_INV_UNIT_2,HAPASAR,1559894
1741111,INV01_INV_UNIT_2,HAPASAR,1559894
1741348,INV02_INV_UNIT_2,HAPASAR,1559894
1741703,INV03_INV_UNIT_2,HAPASAR,1559894
1742058,INV04_INV_UNIT_2,HAPASAR,1559894
1742295,INV01_INV_UNIT_2,HAPASAR,1559894
1742650,INV02_INV_UNIT_2,HAPASAR,1559894
1742887,INV03_INV_UNIT_2,HAPASAR,1559894
1743125,INV04_INV_UNIT_2,HAPASAR,1559894
1743479,INV01_INV_UNIT_2,HAPASAR,1559894
1743834,INV02_INV_UNIT_2,HAPASAR,1559894
1744071,INV03_INV_UNIT_2,HAPASAR,1559894
1744426,INV04_INV_UNIT_2,HAPASAR,1559894
1744781,INV01_INV_UNIT_2,HAPASAR,1559894
1745018,INV02_INV_UNIT_2,HAPASAR,1559894
1745373,INV03_INV_UNIT_2,HAPASAR,1559894
1745728,INV04_INV_UNIT_2,HAPASAR,1559894
1746083,INV01_INV_UNIT_2,HAPASAR,1559894
1746332,INV02_INV_UNIT_2,HAPASAR,1559894
1746675,INV03_INV_UNIT_2,HAPASAR,1559894
1746912,INV04_INV_UNIT_2,HAPASAR,1559894
1747267,INV01_INV_UNIT_2,HAPASAR,1559894
1747622,INV02_INV_UNIT_2,HAPASAR,1559894
1747859,INV03_INV_UNIT_2,HAPASAR,1559894
1748214,INV04_INV_UNIT_2,HAPASAR,1559894
1748569,INV01_INV_UNIT_2,HAPASAR,1559894
1748924,INV02_INV_UNIT_2,HAPASAR,1559894
1749161,INV03_INV_UNIT_2,HAPASAR,1559894
1749516,INV04_INV_UNIT_2,HAPASAR,1559894
1749753,INV01_INV_UNIT_2,HAPASAR,1559894
1749990,INV02_INV_UNIT_2,HAPASAR,1559894
1750227,INV03_INV_UNIT_2,HAPASAR,1559894
1750464,INV04_INV_UNIT_2,HAPASAR,1559894
1750819,INV01_INV_UNIT_2,HAPASAR,1559894
1751174,INV02_INV_UNIT_2,HAPASAR,1559894
1751529,INV03_INV_UNIT_2,HAPASAR,1559894
1751884,INV04_INV_UNIT_2,HAPASAR,1559894
1752239,INV01_INV_UNIT_2,HAPASAR,1559894
1752594,INV02_INV_UNIT_2,HAPASAR,1559894
1752831,INV03_INV_UNIT_2,HAPASAR,1559894
1753068,INV04_INV_UNIT_2,HAPASAR,1559894
1753541,INV01_INV_UNIT_2,HAPASAR,1559894
1753896,INV02_INV_UNIT_2,HAPASAR,1559894
1754251,INV03_INV_UNIT_2,HAPASAR,1559894
1754489,INV04_INV_UNIT_2,HAPASAR,1559894
1754843,INV01_INV_UNIT_2,HAPASAR,1559894
1755198,INV02_INV_UNIT_2,HAPASAR,1559894
1755553,INV03_INV_UNIT_2,HAPASAR,1559894
1755908,INV04_INV_UNIT_2,HAPASAR,1559894
1756263,INV01_INV_UNIT_2,HAPASAR,1559894
1756618,INV02_INV_UNIT_2,HAPASAR,1559894
1756973,INV03_INV_UNIT_2,HAPASAR,1559894
1757210,INV04_INV_UNIT_2,HAPASAR,1559894
1757565,INV01_INV_UNIT_2,HAPASAR,1559894
1757802,INV02_INV_UNIT_2,HAPASAR,1559894
1758039,INV03_INV_UNIT_2,HAPASAR,1559894
1758394,INV04_INV_UNIT_2,HAPASAR,1559894
1758631,INV01_INV_UNIT_2,HAPASAR,1559894
1758986,INV02_INV_UNIT_2,HAPASAR,1559894
1759341,INV03_INV_UNIT_2,HAPASAR,1559894
1759578,INV04_INV_UNIT_2,HAPASAR,1559894
1759933,INV01_INV_UNIT_2,HAPASAR,1559894
1760288,INV02_INV_UNIT_2,HAPASAR,1559894
1760525,INV03_INV_UNIT_2,HAPASAR,1559894
1760762,INV04_INV_UNIT_2,HAPASAR,1559894
1760999,INV01_INV_UNIT_2,HAPASAR,1559894
1761236,INV02_INV_UNIT_2,HAPASAR,1559894
1761591,INV03_INV_UNIT_2,HAPASAR,1559894
1761828,INV04_INV_UNIT_2,HAPASAR,1559894
1762183,INV01_INV_UNIT_2,HAPASAR,1559894
1762538,INV02_INV_UNIT_2,HAPASAR,1559894
1762775,INV03_INV_UNIT_2,HAPASAR,1559894
1763012,INV04_INV_UNIT_2,HAPASAR,1559894
1763485,INV01_SCB01,HAPASAR,1559894
1763722,INV01_SCB02,HAPASAR,1559894
1764077,INV01_SCB03,HAPASAR,1559894
1764314,INV01_SCB04,HAPASAR,1559894
1764551,INV01_SCB05,HAPASAR,1559894
1764906,INV01_SCB06,HAPASAR,1559894
1765261,INV01_SCB07,HAPASAR,1559894
1765498,INV01_SCB08,HAPASAR,1559894
1765959,INV01_SCB09,HAPASAR,1559894
1766208,INV01_SCB10,HAPASAR,1559894
1766563,INV01_SCB11,HAPASAR,1559894
1766918,INV01_SCB12,HAPASAR,1559894
1767273,INV01_SCB13,HAPASAR,1559894
1767510,INV01_SCB14,HAPASAR,1559894
1767865,INV02_SCB01,HAPASAR,1559894
1768220,INV02_SCB02,HAPASAR,1559894
1768457,INV02_SCB03,HAPASAR,1559894
1768812,INV02_SCB04,HAPASAR,1559894
1769123,INV02_SCB05,HAPASAR,1559894
1769404,INV02_SCB06,HAPASAR,1559894
1769759,INV02_SCB07,HAPASAR,1559894
1770114,INV02_SCB08,HAPASAR,1559894
1770351,INV02_SCB09,HAPASAR,1559894
1770588,INV02_SCB10,HAPASAR,1559894
1770943,INV02_SCB11,HAPASAR,1559894
1771298,INV02_SCB12,HAPASAR,1559894
1771653,INV02_SCB13,HAPASAR,1559894
1772008,INV02_SCB14,HAPASAR,1559894
1772245,INV03_SCB01,HAPASAR,1559894
1772482,INV03_SCB02,HAPASAR,1559894
1772837,INV03_SCB03,HAPASAR,1559894
1773074,INV03_SCB04,HAPASAR,1559894
1773429,INV03_SCB05,HAPASAR,1559894
1773666,INV03_SCB06,HAPASAR,1559894
1774021,INV03_SCB07,HAPASAR,1559894
1774376,INV03_SCB08,HAPASAR,1559894
1774613,INV03_SCB09,HAPASAR,1559894
1774850,INV03_SCB10,HAPASAR,1559894
1775205,INV03_SCB11,HAPASAR,1559894
1775442,INV03_SCB12,HAPASAR,1559894
1775797,INV03_SCB13,HAPASAR,1559894
1776152,INV03_SCB14,HAPASAR,1559894
1776507,INV04_SCB01,HAPASAR,1559894
1776744,INV04_SCB02,HAPASAR,1559894
1777099,INV04_SCB03,HAPASAR,1559894
1777454,INV04_SCB04,HAPASAR,1559894
1777809,INV04_SCB05,HAPASAR,1559894
1778046,INV04_SCB06,HAPASAR,1559894
1778283,INV04_SCB07,HAPASAR,1559894
1778520,INV04_SCB08,HAPASAR,1559894
1778757,INV04_SCB09,HAPASAR,1559894
1779112,INV04_SCB10,HAPASAR,1559894
1779467,INV04_SCB11,HAPASAR,1559894
1779704,INV04_SCB12,HAPASAR,1559894
1780059,INV04_SCB13,HAPASAR,1559894
1780297,INV04_SCB14,HAPASAR,1559894
1780651,INV01_SCB01,HAPASAR,1559894
1781006,INV01_SCB02,HAPASAR,1559894
1781243,INV01_SCB03,HAPASAR,1559894
1781480,INV01_SCB04,HAPASAR,1559894
1781717,INV01_SCB05,HAPASAR,1559894
1782072,INV01_SCB06,HAPASAR,1559894
1782309,INV01_SCB07,HAPASAR,1559894
1782664,INV01_SCB08,HAPASAR,1559894
1782901,INV01_SCB09,HAPASAR,1559894
1783138,INV01_SCB10,HAPASAR,1559894
1783375,INV01_SCB11,HAPASAR,1559894
1783758,INV01_SCB12,HAPASAR,1559894
1784085,INV01_SCB13,HAPASAR,1559894
1784440,INV01_SCB14,HAPASAR,1559894
1784795,INV02_SCB01,HAPASAR,1559894
1785032,INV02_SCB02,HAPASAR,1559894
1785387,INV02_SCB03,HAPASAR,1559894
1785742,INV02_SCB04,HAPASAR,1559894
1786097,INV02_SCB05,HAPASAR,1559894
1786334,INV02_SCB06,HAPASAR,1559894
1786689,INV02_SCB07,HAPASAR,1559894
1786926,INV02_SCB08,HAPASAR,1559894
1787399,INV02_SCB09,HAPASAR,1559894
1787636,INV02_SCB10,HAPASAR,1559894
1787873,INV02_SCB11,HAPASAR,1559894
1788228,INV02_SCB12,HAPASAR,1559894
1788465,INV02_SCB13,HAPASAR,1559894
1788820,INV02_SCB14,HAPASAR,1559894
1789057,INV03_SCB01,HAPASAR,1559894
1789412,INV03_SCB02,HAPASAR,1559894
1789649,INV03_SCB03,HAPASAR,1559894
1790004,INV03_SCB04,HAPASAR,1559894
1790241,INV03_SCB05,HAPASAR,1559894
1790478,INV03_SCB06,HAPASAR,1559894
1790833,INV03_SCB07,HAPASAR,1559894
1791188,INV03_SCB08,HAPASAR,1559894
1791425,INV03_SCB09,HAPASAR,1559894
1791780,INV03_SCB10,HAPASAR,1559894
1792017,INV03_SCB11,HAPASAR,1559894
1792372,INV03_SCB12,HAPASAR,1559894
1792609,INV03_SCB13,HAPASAR,1559894
1792964,INV03_SCB14,HAPASAR,1559894
1793319,INV04_SCB01,HAPASAR,1559894
1793674,INV04_SCB02,HAPASAR,1559894
1793911,INV04_SCB03,HAPASAR,1559894
1794148,INV04_SCB04,HAPASAR,1559894
1794503,INV04_SCB05,HAPASAR,1559894
1794858,INV04_SCB06,HAPASAR,1559894
1795449,INV04_SCB07,HAPASAR,1559894
1795922,INV04_SCB08,HAPASAR,1559894
1796159,INV04_SCB09,HAPASAR,1559894
1796514,INV04_SCB10,HAPASAR,1559894
1796869,INV04_SCB11,HAPASAR,1559894
1797106,INV04_SCB12,HAPASAR,1559894
1797343,INV04_SCB13,HAPASAR,1559894
1797698,INV04_SCB14,HAPASAR,1559894
1798053,INV01_SCB01,HAPASAR,1559894
1798290,INV01_SCB02,HAPASAR,1559894
1798645,INV01_SCB03,HAPASAR,1559894
1798882,INV01_SCB04,HAPASAR,1559894
1799237,INV01_SCB05,HAPASAR,1559894
1799592,INV01_SCB06,HAPASAR,1559894
1799947,INV01_SCB07,HAPASAR,1559894
1800303,INV01_SCB08,HAPASAR,1559894
1800657,INV01_SCB09,HAPASAR,1559894
1800894,INV01_SCB10,HAPASAR,1559894
1801367,INV01_SCB11,HAPASAR,1559894
1801722,INV01_SCB12,HAPASAR,1559894
1802077,INV01_SCB13,HAPASAR,1559894
1802432,INV01_SCB14,HAPASAR,1559894
1802669,INV02_SCB01,HAPASAR,1559894
1803024,INV02_SCB02,HAPASAR,1559894
1803292,INV02_SCB03,HAPASAR,1559894
1803616,INV02_SCB04,HAPASAR,1559894
1803971,INV02_SCB05,HAPASAR,1559894
1804355,INV02_SCB06,HAPASAR,1559894
1804681,INV02_SCB07,HAPASAR,1559894
1805036,INV02_SCB08,HAPASAR,1559894
1805273,INV02_SCB09,HAPASAR,1559894
1805628,INV02_SCB10,HAPASAR,1559894
1805865,INV02_SCB11,HAPASAR,1559894
1806220,INV02_SCB12,HAPASAR,1559894
1806575,INV02_SCB13,HAPASAR,1559894
1807048,INV02_SCB14,HAPASAR,1559894
1807285,INV03_SCB01,HAPASAR,1559894
1807522,INV03_SCB02,HAPASAR,1559894
1807759,INV03_SCB03,HAPASAR,1559894
1808114,INV03_SCB04,HAPASAR,1559894
1808469,INV03_SCB05,HAPASAR,1559894
1808942,INV03_SCB06,HAPASAR,1559894
1809061,INV03_SCB07,HAPASAR,1559894
1809416,INV03_SCB08,HAPASAR,1559894
1809771,INV03_SCB09,HAPASAR,1559894
1810126,INV03_SCB10,HAPASAR,1559894
1810481,INV03_SCB11,HAPASAR,1559894
1810718,INV03_SCB12,HAPASAR,1559894
1811073,INV03_SCB13,HAPASAR,1559894
1811310,INV03_SCB14,HAPASAR,1559894
1811783,INV04_SCB01,HAPASAR,1559894
1812256,INV04_SCB02,HAPASAR,1559894
1812611,INV04_SCB03,HAPASAR,1559894
1812848,INV04_SCB04,HAPASAR,1559894
1813203,INV04_SCB05,HAPASAR,1559894
1813558,INV04_SCB06,HAPASAR,1559894
1813913,INV04_SCB07,HAPASAR,1559894
1814268,INV04_SCB08,HAPASAR,1559894
1814623,INV04_SCB09,HAPASAR,1559894
1814978,INV04_SCB10,HAPASAR,1559894
1815333,INV04_SCB11,HAPASAR,1559894
1815806,INV04_SCB12,HAPASAR,1559894
1816161,INV04_SCB13,HAPASAR,1559894
1816516,INV04_SCB14,HAPASAR,1559894
1816871,INV01_SCB01,HAPASAR,1559894
1817226,INV01_SCB02,HAPASAR,1559894
1817581,INV01_SCB03,HAPASAR,1559894
1817818,INV01_SCB04,HAPASAR,1559894
1818173,INV01_SCB05,HAPASAR,1559894
1818528,INV01_SCB06,HAPASAR,1559894
1818765,INV01_SCB07,HAPASAR,1559894
1819002,INV01_SCB08,HAPASAR,1559894
1819239,INV01_SCB09,HAPASAR,1559894
1819594,INV01_SCB10,HAPASAR,1559894
1819949,INV01_SCB11,HAPASAR,1559894
1820304,INV01_SCB12,HAPASAR,1559894
1820659,INV01_SCB13,HAPASAR,1559894
1820896,INV01_SCB14,HAPASAR,1559894
1821133,INV02_SCB01,HAPASAR,1559894
1821488,INV02_SCB02,HAPASAR,1559894
1821725,INV02_SCB03,HAPASAR,1559894
1822080,INV02_SCB04,HAPASAR,1559894
1822435,INV02_SCB05,HAPASAR,1559894
1822672,INV02_SCB06,HAPASAR,1559894
1823048,INV02_SCB07,HAPASAR,1559894
1823382,INV02_SCB08,HAPASAR,1559894
1823619,INV02_SCB09,HAPASAR,1559894
1823974,INV02_SCB10,HAPASAR,1559894
1824329,INV02_SCB11,HAPASAR,1559894
1824684,INV02_SCB12,HAPASAR,1559894
1825039,INV02_SCB13,HAPASAR,1559894
1825394,INV02_SCB14,HAPASAR,1559894
1825749,INV03_SCB01,HAPASAR,1559894
1825986,INV03_SCB02,HAPASAR,1559894
1826459,INV03_SCB03,HAPASAR,1559894
1826696,INV03_SCB04,HAPASAR,1559894
1826933,INV03_SCB05,HAPASAR,1559894
1827288,INV03_SCB06,HAPASAR,1559894
1827525,INV03_SCB07,HAPASAR,1559894
1827880,INV03_SCB08,HAPASAR,1559894
1828235,INV03_SCB09,HAPASAR,1559894
1828355,INV03_SCB10,HAPASAR,1559894
1828360,INV03_SCB11,HAPASAR,1559894
1828366,INV03_SCB12,HAPASAR,1559894
1828371,INV03_SCB13,HAPASAR,1559894
1828377,INV03_SCB14,HAPASAR,1559894
1828382,INV04_SCB01,HAPASAR,1559894
1828388,INV04_SCB02,HAPASAR,1559894
1828394,INV04_SCB03,HAPASAR,1559894
1828403,INV04_SCB04,HAPASAR,1559894
1828417,INV04_SCB05,HAPASAR,1559894
1828432,INV04_SCB06,HAPASAR,1559894
1828448,INV04_SCB07,HAPASAR,1559894
1828461,INV04_SCB08,HAPASAR,1559894
1828477,INV04_SCB09,HAPASAR,1559894
1828490,INV04_SCB10,HAPASAR,1559894
1828506,INV04_SCB11,HAPASAR,1559894
1828519,INV04_SCB12,HAPASAR,1559894
1828532,INV04_SCB13,HAPASAR,1559894
1828548,INV04_SCB14,HAPASAR,1559894
1828561,INV01_SCB01,HAPASAR,1559894
1828574,INV01_SCB02,HAPASAR,1559894
1828590,INV01_SCB03,HAPASAR,1559894
1828603,INV01_SCB04,HAPASAR,1559894
1828607,INV01_SCB05,HAPASAR,1559894
1828608,INV01_SCB06,HAPASAR,1559894
1828609,INV01_SCB07,HAPASAR,1559894
1828610,INV01_SCB08,HAPASAR,1559894
1828611,INV01_SCB09,HAPASAR,1559894
1828612,INV01_SCB10,HAPASAR,1559894
1828613,INV01_SCB11,HAPASAR,1559894
1828614,INV01_SCB12,HAPASAR,1559894
1828615,INV01_SCB13,HAPASAR,1559894
1828616,INV01_SCB14,HAPASAR,1559894
1828617,INV02_SCB01,HAPASAR,1559894
1828618,INV02_SCB02,HAPASAR,1559894
1828619,INV02_SCB03,HAPASAR,1559894
1828620,INV02_SCB04,HAPASAR,1559894
1828621,INV02_SCB05,HAPASAR,1559894
1828622,INV02_SCB06,HAPASAR,1559894
1828623,INV02_SCB07,HAPASAR,1559894
1828624,INV02_SCB08,HAPASAR,1559894
1828625,INV02_SCB09,HAPASAR,1559894
1828626,INV02_SCB10,HAPASAR,1559894
1828627,INV02_SCB11,HAPASAR,1559894
1828628,INV02_SCB12,HAPASAR,1559894
1828629,INV02_SCB13,HAPASAR,1559894
1828630,INV02_SCB14,HAPASAR,1559894
1828631,INV03_SCB01,HAPASAR,1559894
1828632,INV03_SCB02,HAPASAR,1559894
1828633,INV03_SCB03,HAPASAR,1559894
1828634,INV03_SCB04,HAPASAR,1559894
1828635,INV03_SCB05,HAPASAR,1559894
1828636,INV03_SCB06,HAPASAR,1559894
1828637,INV03_SCB07,HAPASAR,1559894
1828638,INV03_SCB08,HAPASAR,1559894
1828639,INV03_SCB09,HAPASAR,1559894
1828640,INV03_SCB10,HAPASAR,1559894
1828641,INV03_SCB11,HAPASAR,1559894
1828642,INV03_SCB12,HAPASAR,1559894
1828643,INV03_SCB13,HAPASAR,1559894
1828644,INV03_SCB14,HAPASAR,1559894
1828645,INV04_SCB01,HAPASAR,1559894
1828646,INV04_SCB02,HAPASAR,1559894
1828647,INV04_SCB03,HAPASAR,1559894
1828648,INV04_SCB04,HAPASAR,1559894
1828649,INV04_SCB05,HAPASAR,1559894
1828650,INV04_SCB06,HAPASAR,1559894
1828651,INV04_SCB07,HAPASAR,1559894
1828652,INV04_SCB08,HAPASAR,1559894
1828653,INV04_SCB09,HAPASAR,1559894
1828654,INV04_SCB10,HAPASAR,1559894
1828655,INV04_SCB11,HAPASAR,1559894
1828656,INV04_SCB12,HAPASAR,1559894
1828657,INV04_SCB13,HAPASAR,1559894
1828658,INV04_SCB14,HAPASAR,1559894
1828659,INV01_SCB01,HAPASAR,1559894
1828660,INV01_SCB02,HAPASAR,1559894
1828661,INV01_SCB03,HAPASAR,1559894
1828662,INV01_SCB04,HAPASAR,1559894
1828663,INV01_SCB05,HAPASAR,1559894
1828664,INV01_SCB06,HAPASAR,1559894
1828665,INV01_SCB07,HAPASAR,1559894
1828666,INV01_SCB08,HAPASAR,1559894
1828667,INV01_SCB09,HAPASAR,1559894
1828668,INV01_SCB10,HAPASAR,1559894
1828669,INV01_SCB11,HAPASAR,1559894
1828670,INV01_SCB12,HAPASAR,1559894
1828671,INV01_SCB13,HAPASAR,1559894
1828672,INV01_SCB14,HAPASAR,1559894
1828673,INV02_SCB01,HAPASAR,1559894
1828674,INV02_SCB02,HAPASAR,1559894
1828675,INV02_SCB03,HAPASAR,1559894
1828676,INV02_SCB04,HAPASAR,1559894
1828677,INV02_SCB05,HAPASAR,1559894
1828678,INV02_SCB06,HAPASAR,1559894
1828679,INV02_SCB07,HAPASAR,1559894
1828680,INV02_SCB08,HAPASAR,1559894
1828681,INV02_SCB09,HAPASAR,1559894
1828682,INV02_SCB10,HAPASAR,1559894
1828683,INV02_SCB11,HAPASAR,1559894
1828684,INV02_SCB12,HAPASAR,1559894
1828685,INV02_SCB13,HAPASAR,1559894
1828686,INV02_SCB14,HAPASAR,1559894
1828687,INV03_SCB01,HAPASAR,1559894
1828688,INV03_SCB02,HAPASAR,1559894
1828689,INV03_SCB03,HAPASAR,1559894
1828690,INV03_SCB04,HAPASAR,1559894
1828691,INV03_SCB05,HAPASAR,1559894
1828692,INV03_SCB06,HAPASAR,1559894
1828693,INV03_SCB07,HAPASAR,1559894
1828694,INV03_SCB08,HAPASAR,1559894
1828695,INV03_SCB09,HAPASAR,1559894
1828696,INV03_SCB10,HAPASAR,1559894
1828697,INV03_SCB11,HAPASAR,1559894
1828698,INV03_SCB12,HAPASAR,1559894
1828699,INV03_SCB13,HAPASAR,1559894
1828700,INV03_SCB14,HAPASAR,1559894
1828701,INV04_SCB01,HAPASAR,1559894
1828702,INV04_SCB02,HAPASAR,1559894
1828703,INV04_SCB03,HAPASAR,1559894
1828704,INV04_SCB04,HAPASAR,1559894
1828705,INV04_SCB05,HAPASAR,1559894
1828706,INV04_SCB06,HAPASAR,1559894
1828707,INV04_SCB07,HAPASAR,1559894
1828708,INV04_SCB08,HAPASAR,1559894
1828709,INV04_SCB09,HAPASAR,1559894
1828710,INV04_SCB10,HAPASAR,1559894
1828711,INV04_SCB11,HAPASAR,1559894
1828712,INV04_SCB12,HAPASAR,1559894
1828713,INV04_SCB13,HAPASAR,1559894
1828714,INV04_SCB14,HAPASAR,1559894
1828715,INV01_SCB01,HAPASAR,1559894
1828716,INV01_SCB02,HAPASAR,1559894
1828717,INV01_SCB03,HAPASAR,1559894
1828718,INV01_SCB04,HAPASAR,1559894
1828719,INV01_SCB05,HAPASAR,1559894
1828720,INV01_SCB06,HAPASAR,1559894
1828721,INV01_SCB07,HAPASAR,1559894
1828722,INV01_SCB08,HAPASAR,1559894
1828723,INV01_SCB09,HAPASAR,1559894
1828724,INV01_SCB10,HAPASAR,1559894
1828725,INV01_SCB11,HAPASAR,1559894
1828726,INV01_SCB12,HAPASAR,1559894
1828727,INV01_SCB13,HAPASAR,1559894
1828728,INV01_SCB14,HAPASAR,1559894
1828729,INV02_SCB01,HAPASAR,1559894
1828730,INV02_SCB02,HAPASAR,1559894
1828731,INV02_SCB03,HAPASAR,1559894
1828732,INV02_SCB04,HAPASAR,1559894
1828733,INV02_SCB05,HAPASAR,1559894
1828734,INV02_SCB06,HAPASAR,1559894
1828735,INV02_SCB07,HAPASAR,1559894
1828736,INV02_SCB08,HAPASAR,1559894
1828737,INV02_SCB09,HAPASAR,1559894
1828738,INV02_SCB10,HAPASAR,1559894
1828739,INV02_SCB11,HAPASAR,1559894
1828740,INV02_SCB12,HAPASAR,1559894
1828741,INV02_SCB13,HAPASAR,1559894
1828742,INV02_SCB14,HAPASAR,1559894
1828743,INV03_SCB01,HAPASAR,1559894
1828744,INV03_SCB02,HAPASAR,1559894
1828745,INV03_SCB03,HAPASAR,1559894
1828746,INV03_SCB04,HAPASAR,1559894
1828747,INV03_SCB05,HAPASAR,1559894
1828748,INV03_SCB06,HAPASAR,1559894
1828749,INV03_SCB07,HAPASAR,1559894
1828750,INV03_SCB08,HAPASAR,1559894
1828751,INV03_SCB09,HAPASAR,1559894
1828752,INV03_SCB10,HAPASAR,1559894
1828753,INV03_SCB11,HAPASAR,1559894
1828754,INV03_SCB12,HAPASAR,1559894
1828755,INV03_SCB13,HAPASAR,1559894
1828756,INV03_SCB14,HAPASAR,1559894
1828757,INV04_SCB01,HAPASAR,1559894
1828758,INV04_SCB02,HAPASAR,1559894
1828759,INV04_SCB03,HAPASAR,1559894
1828760,INV04_SCB04,HAPASAR,1559894
1828761,INV04_SCB05,HAPASAR,1559894
1828762,INV04_SCB06,HAPASAR,1559894
1828763,INV04_SCB07,HAPASAR,1559894
1828764,INV04_SCB08,HAPASAR,1559894
1828765,INV04_SCB09,HAPASAR,1559894
1828766,INV04_SCB10,HAPASAR,1559894
1828767,INV04_SCB11,HAPASAR,1559894
1828768,INV04_SCB12,HAPASAR,1559894
1828769,INV04_SCB13,HAPASAR,1559894
1828770,INV04_SCB14,HAPASAR,1559894
1828771,INV01_SCB01,HAPASAR,1559894
1828772,INV01_SCB02,HAPASAR,1559894
1828773,INV01_SCB03,HAPASAR,1559894
1828774,INV01_SCB04,HAPASAR,1559894
1828775,INV01_SCB05,HAPASAR,1559894
1828776,INV01_SCB06,HAPASAR,1559894
1828777,INV01_SCB07,HAPASAR,1559894
1828778,INV01_SCB08,HAPASAR,1559894
1828779,INV01_SCB09,HAPASAR,1559894
1828780,INV01_SCB10,HAPASAR,1559894
1828781,INV01_SCB11,HAPASAR,1559894
1828782,INV01_SCB12,HAPASAR,1559894
1828783,INV01_SCB13,HAPASAR,1559894
1828784,INV01_SCB14,HAPASAR,1559894
1828785,INV02_SCB01,HAPASAR,1559894
1828786,INV02_SCB02,HAPASAR,1559894
1828787,INV02_SCB03,HAPASAR,1559894
1828788,INV02_SCB04,HAPASAR,1559894
1828789,INV02_SCB05,HAPASAR,1559894
1828790,INV02_SCB06,HAPASAR,1559894
1828791,INV02_SCB07,HAPASAR,1559894
1828792,INV02_SCB08,HAPASAR,1559894
1828793,INV02_SCB09,HAPASAR,1559894
1828794,INV02_SCB10,HAPASAR,1559894
1828795,INV02_SCB11,HAPASAR,1559894
1828796,INV02_SCB12,HAPASAR,1559894
1828797,INV02_SCB13,HAPASAR,1559894
1828798,INV02_SCB14,HAPASAR,1559894
1828799,INV03_SCB01,HAPASAR,1559894
1828800,INV03_SCB02,HAPASAR,1559894
1828801,INV03_SCB03,HAPASAR,1559894
1828802,INV03_SCB04,HAPASAR,1559894
1828803,INV03_SCB05,HAPASAR,1559894
1828804,INV03_SCB06,HAPASAR,1559894
1828805,INV03_SCB07,HAPASAR,1559894
1828806,INV03_SCB08,HAPASAR,1559894
1828807,INV03_SCB09,HAPASAR,1559894
1828808,INV03_SCB10,HAPASAR,1559894
1828809,INV03_SCB11,HAPASAR,1559894
1828810,INV03_SCB12,HAPASAR,1559894
1828811,INV03_SCB13,HAPASAR,1559894
1828812,INV03_SCB14,HAPASAR,1559894
1828813,INV04_SCB01,HAPASAR,1559894
1828814,INV04_SCB02,HAPASAR,1559894
1828815,INV04_SCB03,HAPASAR,1559894
1828816,INV04_SCB04,HAPASAR,1559894
1828817,INV04_SCB05,HAPASAR,1559894
1828818,INV04_SCB06,HAPASAR,1559894
1828819,INV04_SCB07,HAPASAR,1559894
1828820,INV04_SCB08,HAPASAR,1559894
1828821,INV04_SCB09,HAPASAR,1559894
1828822,INV04_SCB10,HAPASAR,1559894
1828823,INV04_SCB11,HAPASAR,1559894
1828824,INV04_SCB12,HAPASAR,1559894
1828825,INV04_SCB13,HAPASAR,1559894
1828826,INV04_SCB14,HAPASAR,1559894
1828827,INV01_SCB01,HAPASAR,1559894
1828828,INV01_SCB02,HAPASAR,1559894
1828829,INV01_SCB03,HAPASAR,1559894
1828830,INV01_SCB04,HAPASAR,1559894
1828831,INV01_SCB05,HAPASAR,1559894
1828832,INV01_SCB06,HAPASAR,1559894
1828833,INV01_SCB07,HAPASAR,1559894
1828834,INV01_SCB08,HAPASAR,1559894
1828835,INV01_SCB09,HAPASAR,1559894
1828836,INV01_SCB10,HAPASAR,1559894
1828837,INV01_SCB11,HAPASAR,1559894
1828838,INV01_SCB12,HAPASAR,1559894
1828839,INV01_SCB13,HAPASAR,1559894
1828840,INV01_SCB14,HAPASAR,1559894
1828841,INV02_SCB01,HAPASAR,1559894
1828842,INV02_SCB02,HAPASAR,1559894
1828843,INV02_SCB03,HAPASAR,1559894
1828844,INV02_SCB04,HAPASAR,1559894
1828845,INV02_SCB05,HAPASAR,1559894
1828846,INV02_SCB06,HAPASAR,1559894
1828847,INV02_SCB07,HAPASAR,1559894
1828848,INV02_SCB08,HAPASAR,1559894
1828849,INV02_SCB09,HAPASAR,1559894
1828850,INV02_SCB10,HAPASAR,1559894
1828851,INV02_SCB11,HAPASAR,1559894
1828852,INV02_SCB12,HAPASAR,1559894
1828853,INV02_SCB13,HAPASAR,1559894
1828854,INV02_SCB14,HAPASAR,1559894
1828855,INV03_SCB01,HAPASAR,1559894
1828856,INV03_SCB02,HAPASAR,1559894
1828857,INV03_SCB03,HAPASAR,1559894
1828858,INV03_SCB04,HAPASAR,1559894
1828859,INV03_SCB05,HAPASAR,1559894
1828860,INV03_SCB06,HAPASAR,1559894
1828861,INV03_SCB07,HAPASAR,1559894
1828862,INV03_SCB08,HAPASAR,1559894
1828863,INV03_SCB09,HAPASAR,1559894
1828864,INV03_SCB10,HAPASAR,1559894
1828865,INV03_SCB11,HAPASAR,1559894
1828866,INV03_SCB12,HAPASAR,1559894
1828867,INV03_SCB13,HAPASAR,1559894
1828868,INV03_SCB14,HAPASAR,1559894
1828869,INV04_SCB01,HAPASAR,1559894
1828870,INV04_SCB02,HAPASAR,1559894
1828871,INV04_SCB03,HAPASAR,1559894
1828872,INV04_SCB04,HAPASAR,1559894
1828873,INV04_SCB05,HAPASAR,1559894
1828874,INV04_SCB06,HAPASAR,1559894
1828875,INV04_SCB07,HAPASAR,1559894
1828876,INV04_SCB08,HAPASAR,1559894
1828877,INV04_SCB09,HAPASAR,1559894
1828878,INV04_SCB10,HAPASAR,1559894
1828879,INV04_SCB11,HAPASAR,1559894
1828880,INV04_SCB12,HAPASAR,1559894
1828881,INV04_SCB13,HAPASAR,1559894
1828882,INV04_SCB14,HAPASAR,1559894
1828883,INV01_SCB01,HAPASAR,1559894
1828884,INV01_SCB02,HAPASAR,1559894
1828885,INV01_SCB03,HAPASAR,1559894
1828886,INV01_SCB04,HAPASAR,1559894
1828887,INV01_SCB05,HAPASAR,1559894
1828888,INV01_SCB06,HAPASAR,1559894
1828889,INV01_SCB07,HAPASAR,1559894
1828890,INV01_SCB08,HAPASAR,1559894
1828891,INV01_SCB09,HAPASAR,1559894
1828892,INV01_SCB10,HAPASAR,1559894
1828893,INV01_SCB11,HAPASAR,1559894
1828894,INV01_SCB12,HAPASAR,1559894
1828895,INV01_SCB13,HAPASAR,1559894
1828896,INV01_SCB14,HAPASAR,1559894
1828897,INV02_SCB01,HAPASAR,1559894
1828898,INV02_SCB02,HAPASAR,1559894
1828899,INV02_SCB03,HAPASAR,1559894
1828900,INV02_SCB04,HAPASAR,1559894
1828901,INV02_SCB05,HAPASAR,1559894
1828902,INV02_SCB06,HAPASAR,1559894
1828903,INV02_SCB07,HAPASAR,1559894
1828904,INV02_SCB08,HAPASAR,1559894
1828905,INV02_SCB09,HAPASAR,1559894
1828906,INV02_SCB10,HAPASAR,1559894
1828907,INV02_SCB11,HAPASAR,1559894
1828908,INV02_SCB12,HAPASAR,1559894
1828909,INV02_SCB13,HAPASAR,1559894
1828910,INV02_SCB14,HAPASAR,1559894
1828911,INV03_SCB01,HAPASAR,1559894
1828912,INV03_SCB02,HAPASAR,1559894
1828913,INV03_SCB03,HAPASAR,1559894
1828914,INV03_SCB04,HAPASAR,1559894
1828915,INV03_SCB05,HAPASAR,1559894
1828916,INV03_SCB06,HAPASAR,1559894
1828917,INV03_SCB07,HAPASAR,1559894
1828918,INV03_SCB08,HAPASAR,1559894
1828919,INV03_SCB09,HAPASAR,1559894
1828920,INV03_SCB10,HAPASAR,1559894
1828921,INV03_SCB11,HAPASAR,1559894
1828922,INV03_SCB12,HAPASAR,1559894
1828923,INV03_SCB13,HAPASAR,1559894
1828924,INV03_SCB14,HAPASAR,1559894
1828925,INV04_SCB01,HAPASAR,1559894
1828926,INV04_SCB02,HAPASAR,1559894
1828927,INV04_SCB03,HAPASAR,1559894
1828928,INV04_SCB04,HAPASAR,1559894
1828929,INV04_SCB05,HAPASAR,1559894
1828930,INV04_SCB06,HAPASAR,1559894
1828931,INV04_SCB07,HAPASAR,1559894
1828932,INV04_SCB08,HAPASAR,1559894
1828933,INV04_SCB09,HAPASAR,1559894
1828934,INV04_SCB10,HAPASAR,1559894
1828935,INV04_SCB11,HAPASAR,1559894
1828936,INV04_SCB12,HAPASAR,1559894
1828937,INV04_SCB13,HAPASAR,1559894
1828938,INV04_SCB14,HAPASAR,1559894
1828939,INV01_SCB01,HAPASAR,1559894
1828940,INV01_SCB02,HAPASAR,1559894
1828941,INV01_SCB03,HAPASAR,1559894
1828942,INV01_SCB04,HAPASAR,1559894
1828943,INV01_SCB05,HAPASAR,1559894
1828944,INV01_SCB06,HAPASAR,1559894
1828945,INV01_SCB07,HAPASAR,1559894
1828946,INV01_SCB08,HAPASAR,1559894
1828947,INV01_SCB09,HAPASAR,1559894
1828948,INV01_SCB10,HAPASAR,1559894
1828949,INV01_SCB11,HAPASAR,1559894
1828950,INV01_SCB12,HAPASAR,1559894
1828951,INV01_SCB13,HAPASAR,1559894
1828952,INV01_SCB14,HAPASAR,1559894
1828953,INV02_SCB01,HAPASAR,1559894
1828954,INV02_SCB02,HAPASAR,1559894
1828955,INV02_SCB03,HAPASAR,1559894
1828956,INV02_SCB04,HAPASAR,1559894
1828957,INV02_SCB05,HAPASAR,1559894
1828958,INV02_SCB06,HAPASAR,1559894
1828959,INV02_SCB07,HAPASAR,1559894
1828960,INV02_SCB08,HAPASAR,1559894
1828961,INV02_SCB09,HAPASAR,1559894
1828962,INV02_SCB10,HAPASAR,1559894
1828963,INV02_SCB11,HAPASAR,1559894
1828964,INV02_SCB12,HAPASAR,1559894
1828965,INV02_SCB13,HAPASAR,1559894
1828966,INV02_SCB14,HAPASAR,1559894
1828967,INV03_SCB01,HAPASAR,1559894
1828968,INV03_SCB02,HAPASAR,1559894
1828969,INV03_SCB03,HAPASAR,1559894
1828970,INV03_SCB04,HAPASAR,1559894
1828971,INV03_SCB05,HAPASAR,1559894
1828972,INV03_SCB06,HAPASAR,1559894
1828973,INV03_SCB07,HAPASAR,1559894
1828974,INV03_SCB08,HAPASAR,1559894
1828975,INV03_SCB09,HAPASAR,1559894
1828976,INV03_SCB10,HAPASAR,1559894
1828977,INV03_SCB11,HAPASAR,1559894
1828978,INV03_SCB12,HAPASAR,1559894
1828979,INV03_SCB13,HAPASAR,1559894
1828980,INV03_SCB14,HAPASAR,1559894
1828981,INV04_SCB01,HAPASAR,1559894
1828982,INV04_SCB02,HAPASAR,1559894
1828983,INV04_SCB03,HAPASAR,1559894
1828984,INV04_SCB04,HAPASAR,1559894
1828985,INV04_SCB05,HAPASAR,1559894
1828986,INV04_SCB06,HAPASAR,1559894
1828987,INV04_SCB07,HAPASAR,1559894
1828988,INV04_SCB08,HAPASAR,1559894
1828989,INV04_SCB09,HAPASAR,1559894
1828990,INV04_SCB10,HAPASAR,1559894
1828991,INV04_SCB11,HAPASAR,1559894
1828992,INV04_SCB12,HAPASAR,1559894
1828993,INV04_SCB13,HAPASAR,1559894
1828994,INV04_SCB14,HAPASAR,1559894
1828995,INV01_SCB01,HAPASAR,1559894
1828996,INV01_SCB02,HAPASAR,1559894
1828997,INV01_SCB03,HAPASAR,1559894
1828998,INV01_SCB04,HAPASAR,1559894
1828999,INV01_SCB05,HAPASAR,1559894
1829000,INV01_SCB06,HAPASAR,1559894
1829001,INV01_SCB07,HAPASAR,1559894
1829002,INV01_SCB08,HAPASAR,1559894
1829003,INV01_SCB09,HAPASAR,1559894
1829004,INV01_SCB10,HAPASAR,1559894
1829005,INV01_SCB11,HAPASAR,1559894
1829006,INV01_SCB12,HAPASAR,1559894
1829007,INV01_SCB13,HAPASAR,1559894
1829008,INV01_SCB14,HAPASAR,1559894
1829009,INV02_SCB01,HAPASAR,1559894
1829010,INV02_SCB02,HAPASAR,1559894
1829011,INV02_SCB03,HAPASAR,1559894
1829012,INV02_SCB04,HAPASAR,1559894
1829013,INV02_SCB05,HAPASAR,1559894
1829014,INV02_SCB06,HAPASAR,1559894
1829015,INV02_SCB07,HAPASAR,1559894
1829016,INV02_SCB08,HAPASAR,1559894
1829017,INV02_SCB09,HAPASAR,1559894
1829018,INV02_SCB10,HAPASAR,1559894
1829019,INV02_SCB11,HAPASAR,1559894
1829020,INV02_SCB12,HAPASAR,1559894
1829021,INV02_SCB13,HAPASAR,1559894
1829022,INV02_SCB14,HAPASAR,1559894
1829023,INV03_SCB01,HAPASAR,1559894
1829024,INV03_SCB02,HAPASAR,1559894
1829025,INV03_SCB03,HAPASAR,1559894
1829026,INV03_SCB04,HAPASAR,1559894
1829027,INV03_SCB05,HAPASAR,1559894
1829028,INV03_SCB06,HAPASAR,1559894
1829029,INV03_SCB07,HAPASAR,1559894
1829030,INV03_SCB08,HAPASAR,1559894
1829031,INV03_SCB09,HAPASAR,1559894
1829032,INV03_SCB10,HAPASAR,1559894
1829033,INV03_SCB11,HAPASAR,1559894
1829034,INV03_SCB12,HAPASAR,1559894
1829035,INV03_SCB13,HAPASAR,1559894
1829036,INV03_SCB14,HAPASAR,1559894
1829037,INV04_SCB01,HAPASAR,1559894
1829038,INV04_SCB02,HAPASAR,1559894
1829039,INV04_SCB03,HAPASAR,1559894
1829040,INV04_SCB04,HAPASAR,1559894
1829041,INV04_SCB05,HAPASAR,1559894
1829042,INV04_SCB06,HAPASAR,1559894
1829043,INV04_SCB07,HAPASAR,1559894
1829044,INV04_SCB08,HAPASAR,1559894
1829045,INV04_SCB09,HAPASAR,1559894
1829046,INV04_SCB10,HAPASAR,1559894
1829047,INV04_SCB11,HAPASAR,1559894
1829048,INV04_SCB12,HAPASAR,1559894
1829049,INV04_SCB13,HAPASAR,1559894
1829050,INV04_SCB14,HAPASAR,1559894
1829051,INV01_SCB01,HAPASAR,1559894
1829052,INV01_SCB02,HAPASAR,1559894
1829053,INV01_SCB03,HAPASAR,1559894
1829054,INV01_SCB04,HAPASAR,1559894
1829055,INV01_SCB05,HAPASAR,1559894
1829056,INV01_SCB06,HAPASAR,1559894
1829057,INV01_SCB07,HAPASAR,1559894
1829058,INV01_SCB08,HAPASAR,1559894
1829059,INV01_SCB09,HAPASAR,1559894
1829060,INV01_SCB10,HAPASAR,1559894
1829061,INV01_SCB11,HAPASAR,1559894
1829062,INV01_SCB12,HAPASAR,1559894
1829063,INV01_SCB13,HAPASAR,1559894
1829064,INV01_SCB14,HAPASAR,1559894
1829065,INV02_SCB01,HAPASAR,1559894
1829066,INV02_SCB02,HAPASAR,1559894
1829067,INV02_SCB03,HAPASAR,1559894
1829068,INV02_SCB04,HAPASAR,1559894
1829069,INV02_SCB05,HAPASAR,1559894
1829070,INV02_SCB06,HAPASAR,1559894
1829071,INV02_SCB07,HAPASAR,1559894
1829072,INV02_SCB08,HAPASAR,1559894
1829073,INV02_SCB09,HAPASAR,1559894
1829074,INV02_SCB10,HAPASAR,1559894
1829075,INV02_SCB11,HAPASAR,1559894
1829076,INV02_SCB12,HAPASAR,1559894
1829077,INV02_SCB13,HAPASAR,1559894
1829078,INV02_SCB14,HAPASAR,1559894
1829079,INV03_SCB01,HAPASAR,1559894
1829080,INV03_SCB02,HAPASAR,1559894
1829081,INV03_SCB03,HAPASAR,1559894
1829082,INV03_SCB04,HAPASAR,1559894
1829083,INV03_SCB05,HAPASAR,1559894
1829084,INV03_SCB06,HAPASAR,1559894
1829085,INV03_SCB07,HAPASAR,1559894
1829086,INV03_SCB08,HAPASAR,1559894
1829087,INV03_SCB09,HAPASAR,1559894
1829088,INV03_SCB10,HAPASAR,1559894
1829089,INV03_SCB11,HAPASAR,1559894
1829090,INV03_SCB12,HAPASAR,1559894
1829091,INV03_SCB13,HAPASAR,1559894
1829092,INV03_SCB14,HAPASAR,1559894
1829093,INV04_SCB01,HAPASAR,1559894
1829094,INV04_SCB02,HAPASAR,1559894
1829095,INV04_SCB03,HAPASAR,1559894
1829096,INV04_SCB04,HAPASAR,1559894
1829097,INV04_SCB05,HAPASAR,1559894
1829098,INV04_SCB06,HAPASAR,1559894
1829099,INV04_SCB07,HAPASAR,1559894
1829100,INV04_SCB08,HAPASAR,1559894
1829101,INV04_SCB09,HAPASAR,1559894
1829102,INV04_SCB10,HAPASAR,1559894
1829103,INV04_SCB11,HAPASAR,1559894
1829104,INV04_SCB12,HAPASAR,1559894
1829105,INV04_SCB13,HAPASAR,1559894
1829106,INV04_SCB14,HAPASAR,1559894
1829107,INV01_SCB01,HAPASAR,1559894
1829108,INV01_SCB02,HAPASAR,1559894
1829109,INV01_SCB03,HAPASAR,1559894
1829110,INV01_SCB04,HAPASAR,1559894
1829111,INV01_SCB05,HAPASAR,1559894
1829112,INV01_SCB06,HAPASAR,1559894
1829113,INV01_SCB07,HAPASAR,1559894
1829114,INV01_SCB08,HAPASAR,1559894
1829115,INV01_SCB09,HAPASAR,1559894
1829116,INV01_SCB10,HAPASAR,1559894
1829117,INV01_SCB11,HAPASAR,1559894
1829118,INV01_SCB12,HAPASAR,1559894
1829119,INV01_SCB13,HAPASAR,1559894
1829120,INV01_SCB14,HAPASAR,1559894
1829121,INV02_SCB01,HAPASAR,1559894
1829122,INV02_SCB02,HAPASAR,1559894
1829123,INV02_SCB03,HAPASAR,1559894
1829124,INV02_SCB04,HAPASAR,1559894
1829125,INV02_SCB05,HAPASAR,1559894
1829126,INV02_SCB06,HAPASAR,1559894
1829127,INV02_SCB07,HAPASAR,1559894
1829128,INV02_SCB08,HAPASAR,1559894
1829129,INV02_SCB09,HAPASAR,1559894
1829130,INV02_SCB10,HAPASAR,1559894
1829131,INV02_SCB11,HAPASAR,1559894
1829132,INV02_SCB12,HAPASAR,1559894
1829133,INV02_SCB13,HAPASAR,1559894
1829134,INV02_SCB14,HAPASAR,1559894
1829135,INV03_SCB01,HAPASAR,1559894
1829136,INV03_SCB02,HAPASAR,1559894
1829137,INV03_SCB03,HAPASAR,1559894
1829138,INV03_SCB04,HAPASAR,1559894
1829139,INV03_SCB05,HAPASAR,1559894
1829140,INV03_SCB06,HAPASAR,1559894
1829141,INV03_SCB07,HAPASAR,1559894
1829142,INV03_SCB08,HAPASAR,1559894
1829143,INV03_SCB09,HAPASAR,1559894
1829144,INV03_SCB10,HAPASAR,1559894
1829145,INV03_SCB11,HAPASAR,1559894
1829146,INV03_SCB12,HAPASAR,1559894
1829147,INV03_SCB13,HAPASAR,1559894
1829148,INV03_SCB14,HAPASAR,1559894
1829149,INV04_SCB01,HAPASAR,1559894
1829150,INV04_SCB02,HAPASAR,1559894
1829151,INV04_SCB03,HAPASAR,1559894
1829152,INV04_SCB04,HAPASAR,1559894
1829153,INV04_SCB05,HAPASAR,1559894
1829154,INV04_SCB06,HAPASAR,1559894
1829155,INV04_SCB07,HAPASAR,1559894
1829156,INV04_SCB08,HAPASAR,1559894
1829157,INV04_SCB09,HAPASAR,1559894
1829158,INV04_SCB10,HAPASAR,1559894
1829159,INV04_SCB11,HAPASAR,1559894
1829160,INV04_SCB12,HAPASAR,1559894
1829161,INV04_SCB13,HAPASAR,1559894
1829162,INV04_SCB14,HAPASAR,1559894
1829163,INV01_SCB01,HAPASAR,1559894
1829164,INV01_SCB02,HAPASAR,1559894
1829165,INV01_SCB03,HAPASAR,1559894
1829166,INV01_SCB04,HAPASAR,1559894
1829167,INV01_SCB05,HAPASAR,1559894
1829168,INV01_SCB06,HAPASAR,1559894
1829169,INV01_SCB07,HAPASAR,1559894
1829170,INV01_SCB08,HAPASAR,1559894
1829171,INV01_SCB09,HAPASAR,1559894
1829172,INV01_SCB10,HAPASAR,1559894
1829173,INV01_SCB11,HAPASAR,1559894
1829174,INV01_SCB12,HAPASAR,1559894
1829175,INV01_SCB13,HAPASAR,1559894
1829176,INV01_SCB14,HAPASAR,1559894
1829177,INV02_SCB01,HAPASAR,1559894
1829178,INV02_SCB02,HAPASAR,1559894
1829179,INV02_SCB03,HAPASAR,1559894
1829180,INV02_SCB04,HAPASAR,1559894
1829181,INV02_SCB05,HAPASAR,1559894
1829182,INV02_SCB06,HAPASAR,1559894
1829183,INV02_SCB07,HAPASAR,1559894
1829184,INV02_SCB08,HAPASAR,1559894
1829185,INV02_SCB09,HAPASAR,1559894
1829186,INV02_SCB10,HAPASAR,1559894
1829187,INV02_SCB11,HAPASAR,1559894
1829188,INV02_SCB12,HAPASAR,1559894
1829189,INV02_SCB13,HAPASAR,1559894
1829190,INV02_SCB14,HAPASAR,1559894
1829191,INV03_SCB01,HAPASAR,1559894
1829192,INV03_SCB02,HAPASAR,1559894
1829193,INV03_SCB03,HAPASAR,1559894
1829194,INV03_SCB04,HAPASAR,1559894
1829195,INV03_SCB05,HAPASAR,1559894
1829196,INV03_SCB06,HAPASAR,1559894
1829197,INV03_SCB07,HAPASAR,1559894
1829198,INV03_SCB08,HAPASAR,1559894
1829199,INV03_SCB09,HAPASAR,1559894
1829200,INV03_SCB10,HAPASAR,1559894
1829201,INV03_SCB11,HAPASAR,1559894
1829202,INV03_SCB12,HAPASAR,1559894
1829203,INV03_SCB13,HAPASAR,1559894
1829204,INV03_SCB14,HAPASAR,1559894
1829205,INV04_SCB01,HAPASAR,1559894
1829206,INV04_SCB02,HAPASAR,1559894
1829207,INV04_SCB03,HAPASAR,1559894
1829208,INV04_SCB04,HAPASAR,1559894
1829209,INV04_SCB05,HAPASAR,1559894
1829210,INV04_SCB06,HAPASAR,1559894
1829211,INV04_SCB07,HAPASAR,1559894
1829212,INV04_SCB08,HAPASAR,1559894
1829213,INV04_SCB09,HAPASAR,1559894
1829214,INV04_SCB10,HAPASAR,1559894
1829215,INV04_SCB11,HAPASAR,1559894
1829216,INV04_SCB12,HAPASAR,1559894
1829217,INV04_SCB13,HAPASAR,1559894
1829218,INV04_SCB14,HAPASAR,1559894
1829219,INV01_SCB01,HAPASAR,1559894
1829220,INV01_SCB02,HAPASAR,1559894
1829221,INV01_SCB03,HAPASAR,1559894
1829222,INV01_SCB04,HAPASAR,1559894
1829223,INV01_SCB05,HAPASAR,1559894
1829224,INV01_SCB06,HAPASAR,1559894
1829225,INV01_SCB07,HAPASAR,1559894
1829226,INV01_SCB08,HAPASAR,1559894
1829227,INV01_SCB09,HAPASAR,1559894
1829228,INV01_SCB10,HAPASAR,1559894
1829229,INV01_SCB11,HAPASAR,1559894
1829230,INV01_SCB12,HAPASAR,1559894
1829231,INV01_SCB13,HAPASAR,1559894
1829232,INV01_SCB14,HAPASAR,1559894
1829233,INV02_SCB01,HAPASAR,1559894
1829234,INV02_SCB02,HAPASAR,1559894
1829235,INV02_SCB03,HAPASAR,1559894
1829236,INV02_SCB04,HAPASAR,1559894
1829237,INV02_SCB05,HAPASAR,1559894
1829238,INV02_SCB06,HAPASAR,1559894
1829239,INV02_SCB07,HAPASAR,1559894
1829240,INV02_SCB08,HAPASAR,1559894
1829241,INV02_SCB09,HAPASAR,1559894
1829242,INV02_SCB10,HAPASAR,1559894
1829243,INV02_SCB11,HAPASAR,1559894
1829244,INV02_SCB12,HAPASAR,1559894
1829245,INV02_SCB13,HAPASAR,1559894
1829246,INV02_SCB14,HAPASAR,1559894
1829247,INV03_SCB01,HAPASAR,1559894
1829248,INV03_SCB02,HAPASAR,1559894
1829249,INV03_SCB03,HAPASAR,1559894
1829250,INV03_SCB04,HAPASAR,1559894
1829251,INV03_SCB05,HAPASAR,1559894
1829252,INV03_SCB06,HAPASAR,1559894
1829253,INV03_SCB07,HAPASAR,1559894
1829254,INV03_SCB08,HAPASAR,1559894
1829255,INV03_SCB09,HAPASAR,1559894
1829256,INV03_SCB10,HAPASAR,1559894
1829257,INV03_SCB11,HAPASAR,1559894
1829258,INV03_SCB12,HAPASAR,1559894
1829259,INV03_SCB13,HAPASAR,1559894
1829260,INV03_SCB14,HAPASAR,1559894
1829261,INV04_SCB01,HAPASAR,1559894
1829262,INV04_SCB02,HAPASAR,1559894
1829263,INV04_SCB03,HAPASAR,1559894
1829264,INV04_SCB04,HAPASAR,1559894
1829265,INV04_SCB05,HAPASAR,1559894
1829266,INV04_SCB06,HAPASAR,1559894
1829267,INV04_SCB07,HAPASAR,1559894
1829268,INV04_SCB08,HAPASAR,1559894
1829269,INV04_SCB09,HAPASAR,1559894
1829270,INV04_SCB10,HAPASAR,1559894
1829271,INV04_SCB11,HAPASAR,1559894
1829272,INV04_SCB12,HAPASAR,1559894
1829273,INV04_SCB13,HAPASAR,1559894
1829274,INV04_SCB14,HAPASAR,1559894
1829275,INV01_SCB01,HAPASAR,1559894
1829276,INV01_SCB02,HAPASAR,1559894
1829277,INV01_SCB03,HAPASAR,1559894
1829278,INV01_SCB04,HAPASAR,1559894
1829279,INV01_SCB05,HAPASAR,1559894
1829280,INV01_SCB06,HAPASAR,1559894
1829281,INV01_SCB07,HAPASAR,1559894
1829282,INV01_SCB08,HAPASAR,1559894
1829283,INV01_SCB09,HAPASAR,1559894
1829284,INV01_SCB10,HAPASAR,1559894
1829285,INV01_SCB11,HAPASAR,1559894
1829286,INV01_SCB12,HAPASAR,1559894
1829287,INV01_SCB13,HAPASAR,1559894
1829288,INV01_SCB14,HAPASAR,1559894
1829289,INV02_SCB01,HAPASAR,1559894
1829290,INV02_SCB02,HAPASAR,1559894
1829291,INV02_SCB03,HAPASAR,1559894
1829292,INV02_SCB04,HAPASAR,1559894
1829293,INV02_SCB05,HAPASAR,1559894
1829294,INV02_SCB06,HAPASAR,1559894
1829295,INV02_SCB07,HAPASAR,1559894
1829296,INV02_SCB08,HAPASAR,1559894
1829297,INV02_SCB09,HAPASAR,1559894
1829298,INV02_SCB10,HAPASAR,1559894
1829299,INV02_SCB11,HAPASAR,1559894
1829300,INV02_SCB12,HAPASAR,1559894
1829301,INV02_SCB13,HAPASAR,1559894
1829302,INV02_SCB14,HAPASAR,1559894
1829303,INV03_SCB01,HAPASAR,1559894
1829304,INV03_SCB02,HAPASAR,1559894
1829305,INV03_SCB03,HAPASAR,1559894
1829306,INV03_SCB04,HAPASAR,1559894
1829307,INV03_SCB05,HAPASAR,1559894
1829308,INV03_SCB06,HAPASAR,1559894
1829309,INV03_SCB07,HAPASAR,1559894
1829310,INV03_SCB08,HAPASAR,1559894
1829311,INV03_SCB09,HAPASAR,1559894
1829312,INV03_SCB10,HAPASAR,1559894
1829313,INV03_SCB11,HAPASAR,1559894
1829314,INV03_SCB12,HAPASAR,1559894
1829315,INV03_SCB13,HAPASAR,1559894
1829316,INV03_SCB14,HAPASAR,1559894
1829317,INV04_SCB01,HAPASAR,1559894
1829318,INV04_SCB02,HAPASAR,1559894
1829319,INV04_SCB03,HAPASAR,1559894
1829320,INV04_SCB04,HAPASAR,1559894
1829321,INV04_SCB05,HAPASAR,1559894
1829322,INV04_SCB06,HAPASAR,1559894
1829323,INV04_SCB07,HAPASAR,1559894
1829324,INV04_SCB08,HAPASAR,1559894
1829325,INV04_SCB09,HAPASAR,1559894
1829326,INV04_SCB10,HAPASAR,1559894
1829327,INV04_SCB11,HAPASAR,1559894
1829328,INV04_SCB12,HAPASAR,1559894
1829329,INV04_SCB13,HAPASAR,1559894
1829330,INV04_SCB14,HAPASAR,1559894
1829331,INV01_SCB01,HAPASAR,1559894
1829332,INV01_SCB02,HAPASAR,1559894
1829333,INV01_SCB03,HAPASAR,1559894
1829334,INV01_SCB04,HAPASAR,1559894
1829335,INV01_SCB05,HAPASAR,1559894
1829336,INV01_SCB06,HAPASAR,1559894
1829337,INV01_SCB07,HAPASAR,1559894
1829338,INV01_SCB08,HAPASAR,1559894
1829339,INV01_SCB09,HAPASAR,1559894
1829340,INV01_SCB10,HAPASAR,1559894
1829341,INV01_SCB11,HAPASAR,1559894
1829342,INV01_SCB12,HAPASAR,1559894
1829343,INV01_SCB13,HAPASAR,1559894
1829344,INV01_SCB14,HAPASAR,1559894
1829345,INV02_SCB01,HAPASAR,1559894
1829346,INV02_SCB02,HAPASAR,1559894
1829347,INV02_SCB03,HAPASAR,1559894
1829348,INV02_SCB04,HAPASAR,1559894
1829349,INV02_SCB05,HAPASAR,1559894
1829350,INV02_SCB06,HAPASAR,1559894
1829351,INV02_SCB07,HAPASAR,1559894
1829352,INV02_SCB08,HAPASAR,1559894
1829353,INV02_SCB09,HAPASAR,1559894
1829354,INV02_SCB10,HAPASAR,1559894
1829355,INV02_SCB11,HAPASAR,1559894
1829356,INV02_SCB12,HAPASAR,1559894
1829357,INV02_SCB13,HAPASAR,1559894
1829358,INV02_SCB14,HAPASAR,1559894
1829359,INV03_SCB01,HAPASAR,1559894
1829360,INV03_SCB02,HAPASAR,1559894
1829361,INV03_SCB03,HAPASAR,1559894
1829362,INV03_SCB04,HAPASAR,1559894
1829363,INV03_SCB05,HAPASAR,1559894
1829364,INV03_SCB06,HAPASAR,1559894
1829365,INV03_SCB07,HAPASAR,1559894
1829366,INV03_SCB08,HAPASAR,1559894
1829367,INV03_SCB09,HAPASAR,1559894
1829368,INV03_SCB10,HAPASAR,1559894
1829369,INV03_SCB11,HAPASAR,1559894
1829370,INV03_SCB12,HAPASAR,1559894
1829371,INV03_SCB13,HAPASAR,1559894
1829372,INV03_SCB14,HAPASAR,1559894
1829373,INV04_SCB01,HAPASAR,1559894
1829374,INV04_SCB02,HAPASAR,1559894
1829375,INV04_SCB03,HAPASAR,1559894
1829376,INV04_SCB04,HAPASAR,1559894
1829377,INV04_SCB05,HAPASAR,1559894
1829378,INV04_SCB06,HAPASAR,1559894
1829379,INV04_SCB07,HAPASAR,1559894
1829380,INV04_SCB08,HAPASAR,1559894
1829381,INV04_SCB09,HAPASAR,1559894
1829382,INV04_SCB10,HAPASAR,1559894
1829383,INV04_SCB11,HAPASAR,1559894
1829384,INV04_SCB12,HAPASAR,1559894
1829385,INV04_SCB13,HAPASAR,1559894
1829386,INV04_SCB14,HAPASAR,1559894
1829387,INV01_SCB01,HAPASAR,1559894
1829388,INV01_SCB02,HAPASAR,1559894
1829389,INV01_SCB03,HAPASAR,1559894
1829390,INV01_SCB04,HAPASAR,1559894
1829391,INV01_SCB05,HAPASAR,1559894
1829392,INV01_SCB06,HAPASAR,1559894
1829393,INV01_SCB07,HAPASAR,1559894
1829394,INV01_SCB08,HAPASAR,1559894
1829395,INV01_SCB09,HAPASAR,1559894
1829396,INV01_SCB10,HAPASAR,1559894
1829397,INV01_SCB11,HAPASAR,1559894
1829398,INV01_SCB12,HAPASAR,1559894
1829399,INV01_SCB13,HAPASAR,1559894
1829400,INV01_SCB14,HAPASAR,1559894
1829401,INV02_SCB01,HAPASAR,1559894
1829402,INV02_SCB02,HAPASAR,1559894
1829403,INV02_SCB03,HAPASAR,1559894
1829404,INV02_SCB04,HAPASAR,1559894
1829405,INV02_SCB05,HAPASAR,1559894
1829406,INV02_SCB06,HAPASAR,1559894
1829407,INV02_SCB07,HAPASAR,1559894
1829408,INV02_SCB08,HAPASAR,1559894
1829409,INV02_SCB09,HAPASAR,1559894
1829410,INV02_SCB10,HAPASAR,1559894
1829411,INV02_SCB11,HAPASAR,1559894
1829412,INV02_SCB12,HAPASAR,1559894
1829413,INV02_SCB13,HAPASAR,1559894
1829414,INV02_SCB14,HAPASAR,1559894
1829415,INV03_SCB01,HAPASAR,1559894
1829416,INV03_SCB02,HAPASAR,1559894
1829417,INV03_SCB03,HAPASAR,1559894
1829418,INV03_SCB04,HAPASAR,1559894
1829419,INV03_SCB05,HAPASAR,1559894
1829420,INV03_SCB06,HAPASAR,1559894
1829421,INV03_SCB07,HAPASAR,1559894
1829422,INV03_SCB08,HAPASAR,1559894
1829423,INV03_SCB09,HAPASAR,1559894
1829424,INV03_SCB10,HAPASAR,1559894
1829425,INV03_SCB11,HAPASAR,1559894
1829426,INV03_SCB12,HAPASAR,1559894
1829427,INV03_SCB13,HAPASAR,1559894
1829428,INV03_SCB14,HAPASAR,1559894
1829429,INV04_SCB01,HAPASAR,1559894
1829430,INV04_SCB02,HAPASAR,1559894
1829431,INV04_SCB03,HAPASAR,1559894
1829432,INV04_SCB04,HAPASAR,1559894
1829433,INV04_SCB05,HAPASAR,1559894
1829434,INV04_SCB06,HAPASAR,1559894
1829435,INV04_SCB07,HAPASAR,1559894
1829436,INV04_SCB08,HAPASAR,1559894
1829437,INV04_SCB09,HAPASAR,1559894
1829438,INV04_SCB10,HAPASAR,1559894
1829439,INV04_SCB11,HAPASAR,1559894
1829440,INV04_SCB12,HAPASAR,1559894
1829441,INV04_SCB13,HAPASAR,1559894
1829442,INV04_SCB14,HAPASAR,1559894
1829443,INV01_SCB01,HAPASAR,1559894
1829444,INV01_SCB02,HAPASAR,1559894
1829445,INV01_SCB03,HAPASAR,1559894
1829446,INV01_SCB04,HAPASAR,1559894
1829447,INV01_SCB05,HAPASAR,1559894
1829448,INV01_SCB06,HAPASAR,1559894
1829449,INV01_SCB07,HAPASAR,1559894
1829450,INV01_SCB08,HAPASAR,1559894
1829451,INV01_SCB09,HAPASAR,1559894
1829452,INV01_SCB10,HAPASAR,1559894
1829453,INV01_SCB11,HAPASAR,1559894
1829454,INV01_SCB12,HAPASAR,1559894
1829455,INV01_SCB13,HAPASAR,1559894
1829456,INV01_SCB14,HAPASAR,1559894
1829457,INV02_SCB01,HAPASAR,1559894
1829458,INV02_SCB02,HAPASAR,1559894
1829459,INV02_SCB03,HAPASAR,1559894
1829460,INV02_SCB04,HAPASAR,1559894
1829461,INV02_SCB05,HAPASAR,1559894
1829462,INV02_SCB06,HAPASAR,1559894
1829463,INV02_SCB07,HAPASAR,1559894
1829464,INV02_SCB08,HAPASAR,1559894
1829465,INV02_SCB09,HAPASAR,1559894
1829466,INV02_SCB10,HAPASAR,1559894
1829467,INV02_SCB11,HAPASAR,1559894
1829468,INV02_SCB12,HAPASAR,1559894
1829469,INV02_SCB13,HAPASAR,1559894
1829470,INV02_SCB14,HAPASAR,1559894
1829471,INV03_SCB01,HAPASAR,1559894
1829472,INV03_SCB02,HAPASAR,1559894
1829473,INV03_SCB03,HAPASAR,1559894
1829474,INV03_SCB04,HAPASAR,1559894
1829475,INV03_SCB05,HAPASAR,1559894
1829476,INV03_SCB06,HAPASAR,1559894
1829477,INV03_SCB07,HAPASAR,1559894
1829478,INV03_SCB08,HAPASAR,1559894
1829479,INV03_SCB09,HAPASAR,1559894
1829480,INV03_SCB10,HAPASAR,1559894
1829481,INV03_SCB11,HAPASAR,1559894
1829482,INV03_SCB12,HAPASAR,1559894
1829483,INV03_SCB13,HAPASAR,1559894
1829484,INV03_SCB14,HAPASAR,1559894
1829485,INV04_SCB01,HAPASAR,1559894
1829486,INV04_SCB02,HAPASAR,1559894
1829487,INV04_SCB03,HAPASAR,1559894
1829488,INV04_SCB04,HAPASAR,1559894
1829489,INV04_SCB05,HAPASAR,1559894
1829490,INV04_SCB06,HAPASAR,1559894
1829491,INV04_SCB07,HAPASAR,1559894
1829492,INV04_SCB08,HAPASAR,1559894
1829493,INV04_SCB09,HAPASAR,1559894
1829494,INV04_SCB10,HAPASAR,1559894
1829495,INV04_SCB11,HAPASAR,1559894
1829496,INV04_SCB12,HAPASAR,1559894
1829497,INV04_SCB13,HAPASAR,1559894
1829498,INV04_SCB14,HAPASAR,1559894
1829499,INV01_SCB01,HAPASAR,1559894
1829500,INV01_SCB02,HAPASAR,1559894
1829501,INV01_SCB03,HAPASAR,1559894
1829502,INV01_SCB04,HAPASAR,1559894
1829503,INV01_SCB05,HAPASAR,1559894
1829504,INV01_SCB06,HAPASAR,1559894
1829505,INV01_SCB07,HAPASAR,1559894
1829506,INV01_SCB08,HAPASAR,1559894
1829507,INV01_SCB09,HAPASAR,1559894
1829508,INV01_SCB10,HAPASAR,1559894
1829509,INV01_SCB11,HAPASAR,1559894
1829510,INV01_SCB12,HAPASAR,1559894
1829511,INV01_SCB13,HAPASAR,1559894
1829512,INV01_SCB14,HAPASAR,1559894
1829513,INV02_SCB01,HAPASAR,1559894
1829514,INV02_SCB02,HAPASAR,1559894
1829515,INV02_SCB03,HAPASAR,1559894
1829516,INV02_SCB04,HAPASAR,1559894
1829517,INV02_SCB05,HAPASAR,1559894
1829518,INV02_SCB06,HAPASAR,1559894
1829519,INV02_SCB07,HAPASAR,1559894
1829520,INV02_SCB08,HAPASAR,1559894
1829521,INV02_SCB09,HAPASAR,1559894
1829522,INV02_SCB10,HAPASAR,1559894
1829523,INV02_SCB11,HAPASAR,1559894
1829524,INV02_SCB12,HAPASAR,1559894
1829525,INV02_SCB13,HAPASAR,1559894
1829526,INV02_SCB14,HAPASAR,1559894
1829527,INV03_SCB01,HAPASAR,1559894
1829528,INV03_SCB02,HAPASAR,1559894
1829529,INV03_SCB03,HAPASAR,1559894
1829530,INV03_SCB04,HAPASAR,1559894
1829531,INV03_SCB05,HAPASAR,1559894
1829532,INV03_SCB06,HAPASAR,1559894
1829533,INV03_SCB07,HAPASAR,1559894
1829534,INV03_SCB08,HAPASAR,1559894
1829535,INV03_SCB09,HAPASAR,1559894
1829536,INV03_SCB10,HAPASAR,1559894
1829537,INV03_SCB11,HAPASAR,1559894
1829538,INV03_SCB12,HAPASAR,1559894
1829539,INV03_SCB13,HAPASAR,1559894
1829540,INV03_SCB14,HAPASAR,1559894
1829541,INV04_SCB01,HAPASAR,1559894
1829542,INV04_SCB02,HAPASAR,1559894
1829543,INV04_SCB03,HAPASAR,1559894
1829544,INV04_SCB04,HAPASAR,1559894
1829545,INV04_SCB05,HAPASAR,1559894
1829546,INV04_SCB06,HAPASAR,1559894
1829547,INV04_SCB07,HAPASAR,1559894
1829548,INV04_SCB08,HAPASAR,1559894
1829549,INV04_SCB09,HAPASAR,1559894
1829550,INV04_SCB10,HAPASAR,1559894
1829551,INV04_SCB11,HAPASAR,1559894
1829552,INV04_SCB12,HAPASAR,1559894
1829553,INV04_SCB13,HAPASAR,1559894
1829554,INV04_SCB14,HAPASAR,1559894
1829555,INV01_SCB01,HAPASAR,1559894
1829556,INV01_SCB02,HAPASAR,1559894
1829557,INV01_SCB03,HAPASAR,1559894
1829558,INV01_SCB04,HAPASAR,1559894
1829559,INV01_SCB05,HAPASAR,1559894
1829560,INV01_SCB06,HAPASAR,1559894
1829561,INV01_SCB07,HAPASAR,1559894
1829562,INV01_SCB08,HAPASAR,1559894
1829563,INV01_SCB09,HAPASAR,1559894
1829564,INV01_SCB10,HAPASAR,1559894
1829565,INV01_SCB11,HAPASAR,1559894
1829566,INV01_SCB12,HAPASAR,1559894
1829567,INV01_SCB13,HAPASAR,1559894
1829568,INV01_SCB14,HAPASAR,1559894
1829569,INV02_SCB01,HAPASAR,1559894
1829570,INV02_SCB02,HAPASAR,1559894
1829571,INV02_SCB03,HAPASAR,1559894
1829572,INV02_SCB04,HAPASAR,1559894
1829573,INV02_SCB05,HAPASAR,1559894
1829574,INV02_SCB06,HAPASAR,1559894
1829575,INV02_SCB07,HAPASAR,1559894
1829576,INV02_SCB08,HAPASAR,1559894
1829577,INV02_SCB09,HAPASAR,1559894
1829578,INV02_SCB10,HAPASAR,1559894
1829579,INV02_SCB11,HAPASAR,1559894
1829580,INV02_SCB12,HAPASAR,1559894
1829581,INV02_SCB13,HAPASAR,1559894
1829582,INV02_SCB14,HAPASAR,1559894
1829583,INV03_SCB01,HAPASAR,1559894
1829584,INV03_SCB02,HAPASAR,1559894
1829585,INV03_SCB03,HAPASAR,1559894
1829586,INV03_SCB04,HAPASAR,1559894
1829587,INV03_SCB05,HAPASAR,1559894
1829588,INV03_SCB06,HAPASAR,1559894
1829589,INV03_SCB07,HAPASAR,1559894
1829590,INV03_SCB08,HAPASAR,1559894
1829591,INV03_SCB09,HAPASAR,1559894
1829592,INV03_SCB10,HAPASAR,1559894
1829593,INV03_SCB11,HAPASAR,1559894
1829594,INV03_SCB12,HAPASAR,1559894
1829595,INV03_SCB13,HAPASAR,1559894
1829596,INV03_SCB14,HAPASAR,1559894
1829597,INV04_SCB01,HAPASAR,1559894
1829598,INV04_SCB02,HAPASAR,1559894
1829599,INV04_SCB03,HAPASAR,1559894
1829600,INV04_SCB04,HAPASAR,1559894
1829601,INV04_SCB05,HAPASAR,1559894
1829602,INV04_SCB06,HAPASAR,1559894
1829603,INV04_SCB07,HAPASAR,1559894
1829604,INV04_SCB08,HAPASAR,1559894
1829605,INV04_SCB09,HAPASAR,1559894
1829606,INV04_SCB10,HAPASAR,1559894
1829607,INV04_SCB11,HAPASAR,1559894
1829608,INV04_SCB12,HAPASAR,1559894
1829609,INV04_SCB13,HAPASAR,1559894
1829610,INV04_SCB14,HAPASAR,1559894
1829611,INV01_SCB01,HAPASAR,1559894
1829612,INV01_SCB02,HAPASAR,1559894
1829613,INV01_SCB03,HAPASAR,1559894
1829614,INV01_SCB04,HAPASAR,1559894
1829615,INV01_SCB05,HAPASAR,1559894
1829616,INV01_SCB06,HAPASAR,1559894
1829617,INV01_SCB07,HAPASAR,1559894
1829618,INV01_SCB08,HAPASAR,1559894
1829619,INV01_SCB09,HAPASAR,1559894
1829620,INV01_SCB10,HAPASAR,1559894
1829621,INV01_SCB11,HAPASAR,1559894
1829622,INV01_SCB12,HAPASAR,1559894
1829623,INV01_SCB13,HAPASAR,1559894
1829624,INV01_SCB14,HAPASAR,1559894
1829625,INV02_SCB01,HAPASAR,1559894
1829626,INV02_SCB02,HAPASAR,1559894
1829627,INV02_SCB03,HAPASAR,1559894
1829628,INV02_SCB04,HAPASAR,1559894
1829629,INV02_SCB05,HAPASAR,1559894
1829630,INV02_SCB06,HAPASAR,1559894
1829631,INV02_SCB07,HAPASAR,1559894
1829632,INV02_SCB08,HAPASAR,1559894
1829633,INV02_SCB09,HAPASAR,1559894
1829634,INV02_SCB10,HAPASAR,1559894
1829635,INV02_SCB11,HAPASAR,1559894
1829636,INV02_SCB12,HAPASAR,1559894
1829637,INV02_SCB13,HAPASAR,1559894
1829638,INV02_SCB14,HAPASAR,1559894
1829639,INV03_SCB01,HAPASAR,1559894
1829640,INV03_SCB02,HAPASAR,1559894
1829641,INV03_SCB03,HAPASAR,1559894
1829642,INV03_SCB04,HAPASAR,1559894
1829643,INV03_SCB05,HAPASAR,1559894
1829644,INV03_SCB06,HAPASAR,1559894
1829645,INV03_SCB07,HAPASAR,1559894
1829646,INV03_SCB08,HAPASAR,1559894
1829647,INV03_SCB09,HAPASAR,1559894
1829648,INV03_SCB10,HAPASAR,1559894
1829649,INV03_SCB11,HAPASAR,1559894
1829650,INV03_SCB12,HAPASAR,1559894
1829651,INV03_SCB13,HAPASAR,1559894
1829652,INV03_SCB14,HAPASAR,1559894
1829653,INV04_SCB01,HAPASAR,1559894
1829654,INV04_SCB02,HAPASAR,1559894
1829655,INV04_SCB03,HAPASAR,1559894
1829656,INV04_SCB04,HAPASAR,1559894
1829657,INV04_SCB05,HAPASAR,1559894
1829658,INV04_SCB06,HAPASAR,1559894
1829659,INV04_SCB07,HAPASAR,1559894
1829660,INV04_SCB08,HAPASAR,1559894
1829661,INV04_SCB09,HAPASAR,1559894
1829662,INV04_SCB10,HAPASAR,1559894
1829663,INV04_SCB11,HAPASAR,1559894
1829664,INV04_SCB12,HAPASAR,1559894
1829665,INV04_SCB13,HAPASAR,1559894
1829666,INV04_SCB14,HAPASAR,1559894
1829667,INV01_SCB01,HAPASAR,1559894
1829668,INV01_SCB02,HAPASAR,1559894
1829669,INV01_SCB03,HAPASAR,1559894
1829670,INV01_SCB04,HAPASAR,1559894
1829671,INV01_SCB05,HAPASAR,1559894
1829672,INV01_SCB06,HAPASAR,1559894
1829673,INV01_SCB07,HAPASAR,1559894
1829674,INV01_SCB08,HAPASAR,1559894
1829675,INV01_SCB09,HAPASAR,1559894
1829676,INV01_SCB10,HAPASAR,1559894
1829677,INV01_SCB11,HAPASAR,1559894
1829678,INV01_SCB12,HAPASAR,1559894
1829679,INV01_SCB13,HAPASAR,1559894
1829680,INV01_SCB14,HAPASAR,1559894
1829681,INV02_SCB01,HAPASAR,1559894
1829682,INV02_SCB02,HAPASAR,1559894
1829683,INV02_SCB03,HAPASAR,1559894
1829684,INV02_SCB04,HAPASAR,1559894
1829685,INV02_SCB05,HAPASAR,1559894
1829686,INV02_SCB06,HAPASAR,1559894
1829687,INV02_SCB07,HAPASAR,1559894
1829688,INV02_SCB08,HAPASAR,1559894
1829689,INV02_SCB09,HAPASAR,1559894
1829690,INV02_SCB10,HAPASAR,1559894
1829691,INV02_SCB11,HAPASAR,1559894
1829692,INV02_SCB12,HAPASAR,1559894
1829693,INV02_SCB13,HAPASAR,1559894
1829694,INV02_SCB14,HAPASAR,1559894
1829695,INV03_SCB01,HAPASAR,1559894
1829696,INV03_SCB02,HAPASAR,1559894
1829697,INV03_SCB03,HAPASAR,1559894
1829698,INV03_SCB04,HAPASAR,1559894
1829699,INV03_SCB05,HAPASAR,1559894
1829700,INV03_SCB06,HAPASAR,1559894
1829701,INV03_SCB07,HAPASAR,1559894
1829702,INV03_SCB08,HAPASAR,1559894
1829703,INV03_SCB09,HAPASAR,1559894
1829704,INV03_SCB10,HAPASAR,1559894
1829705,INV03_SCB11,HAPASAR,1559894
1829706,INV03_SCB12,HAPASAR,1559894
1829707,INV03_SCB13,HAPASAR,1559894
1829708,INV03_SCB14,HAPASAR,1559894
1829709,INV04_SCB01,HAPASAR,1559894
1829710,INV04_SCB02,HAPASAR,1559894
1829711,INV04_SCB03,HAPASAR,1559894
1829712,INV04_SCB04,HAPASAR,1559894
1829713,INV04_SCB05,HAPASAR,1559894
1829714,INV04_SCB06,HAPASAR,1559894
1829715,INV04_SCB07,HAPASAR,1559894
1829716,INV04_SCB08,HAPASAR,1559894
1829717,INV04_SCB09,HAPASAR,1559894
1829718,INV04_SCB10,HAPASAR,1559894
1829719,INV04_SCB11,HAPASAR,1559894
1829720,INV04_SCB12,HAPASAR,1559894
1829721,INV04_SCB13,HAPASAR,1559894
1829722,INV04_SCB14,HAPASAR,1559894
1829723,WMS,HAPASAR,1559894
1829724,WMS1,HAPASAR,1559894
1829727,WMS2,HAPASAR,1559894
1853996,SWTGR01_BC,HAPASAR,1559894
1853997,SWTGR02_BC1,HAPASAR,1559894
1853998,SWTGR02_BC2,HAPASAR,1559894
1853999,SWTGR03_BC,HAPASAR,1559894
1560475,INV03,HAPASAR,1559894
3351419,TVM_METER,HAPASAR,1559894
1560077,BLK15,HAPASAR,1559894
